name,acide,alcool,amer,boisson,chaleur,cher_a_acheter,cher_a_faire,couleur,croust,cuit,dessert,difficile,entree,epice,feculent,fruit,gras,legume,lendemain,liquide,lourd,odeur,oeuf,petitdej,piquant,plat,poisson,sain,saison,sale,sec,seul,snack,sucre,viande
Spaghetti Carbonara,0,0,0.0,0,0,6,3.0,0,2.0,25.0,0,0,0.0,1,1,0,1,0,0,10.0,1,1,1,0,0.0,1,0,-5.0,0,1,4.0,1,0,1,1
Pad Thai,1,-1,1.0,0,0,6,7.0,1,6.0,80.0,0,0,1.0,1,1,0,1,0,1,6.0,0,1,0,0,-2.0,1,0,4.0,0,1,3.0,1,0,1,0
Sushi,0,-1,0.0,0,-1,7,8.0,1,7.0,50.0,0,1,1.0,1,1,0,0,0,-1,5.0,-1,1,0,0,2.0,1,1,8.0,0,1,3.0,1,0,0,1
Tacos,1,-1,0.0,0,1,3,4.0,1,7.0,50.0,0,0,0.0,1,0,0,1,0,0,8.0,0,1,0,0,4.0,1,0,2.0,0,1,4.0,0,0,0,1
Margherita Pizza,0,-1,0.0,0,0,3,4.0,1,7.0,100.0,0,0,0.0,1,1,0,1,1,1,10.0,0,1,0,0,2.0,1,0,2.0,0,1,6.0,1,1,0,0
Croissant,0,-1,0.0,0,0,5,7.0,0,4.0,100.0,1,1,0.0,1,1,0,1,0,-1,10.0,-1,1,1,1,-2.0,0,0,-5.0,0,0,7.0,1,1,1,0
Pho,1,-1,1.0,0,-1,5,6.0,0,2.0,0.0,0,1,1.0,1,0,0,1,1,1,2.0,-1,1,0,0,2.0,0,0,7.0,1,1,2.0,1,0,0,1
Ratatouille,1,0,1.0,0,0,4,7.0,1,3.0,70.0,0,0,0.0,1,0,1,0,1,1,9.0,0,1,0,0,-2.0,1,0,8.0,0,1,2.0,0,0,0,0
Paella,1,0,1.0,0,1,7,7.0,1,4.0,75.0,0,0,1.0,1,1,0,1,1,1,8.0,1,1,0,0,2.0,1,1,3.0,0,1,4.0,1,0,0,1
Butter Chicken,1,0,0.0,0,2,7,7.0,0,3.0,80.0,0,0,0.0,1,0,0,1,0,1,10.0,1,1,0,0,1.0,1,0,-3.0,0,1,5.0,0,0,1,1
Peking Duck,1,1,1.0,0,1,8,7.0,1,8.0,90.0,0,1,1.0,1,0,0,1,0,1,10.0,1,1,0,0,2.0,1,0,2.0,1,1,8.0,0,1,1,1
Beef Wellington,0,1,0.0,0,1,9,8.0,0,4.0,100.0,0,1,1.0,1,1,0,1,0,1,10.0,1,1,0,0,0.0,1,0,2.0,1,1,7.0,1,0,0,1
Tom Yum Soup,2,-1,2.0,0,4,6,6.0,1,3.0,0.0,0,0,0.0,1,0,0,1,0,1,2.0,0,1,0,0,2.0,0,1,7.0,1,2,1.0,0,0,0,1
Falafel,0,-1,1.0,0,-1,5,4.0,0,8.0,80.0,0,0,1.0,1,0,0,1,1,1,9.0,0,1,0,0,1.0,1,0,7.0,0,1,7.0,1,1,0,0
Gyro,1,0,1.0,0,1,5,7.0,0,6.0,75.0,0,0,1.0,1,0,0,1,0,1,8.0,1,1,0,0,1.0,1,0,2.0,0,1,3.0,1,1,1,1
Hummus,0,-1,1.0,0,-1,4,5.0,0,3.0,0.0,0,0,1.0,1,0,0,1,1,1,3.0,-1,1,0,0,-2.0,1,0,8.0,0,1,3.0,1,1,1,0
Fried Rice,1,0,0.0,0,1,4,5.0,0,6.0,75.0,0,0,1.0,1,1,0,1,1,1,8.0,0,1,0,0,0.0,1,0,1.0,0,1,4.0,1,1,1,0
Dim Sum,1,-1,1.0,0,1,7,7.0,1,8.0,40.0,0,1,1.0,1,1,0,1,0,1,7.0,-1,1,0,0,3.0,0,0,5.0,0,1,3.0,0,1,1,0
Biryani,0,-1,0.0,0,2,8,6.0,1,3.0,80.0,0,0,0.0,1,1,0,1,0,1,10.0,1,1,0,0,5.0,1,0,2.0,0,2,6.0,1,0,1,1
Lasagna,1,0,0.0,0,1,5,7.0,0,1.0,100.0,0,0,0.0,1,1,0,1,1,1,10.0,1,1,0,0,0.0,1,0,2.0,0,1,3.0,0,0,0,1
Goulash,0,0,1.0,0,2,6,5.0,0,3.0,50.0,0,0,0.0,1,0,0,1,0,1,10.0,1,1,0,0,2.0,1,0,2.0,1,1,3.0,0,0,0,1
Moussaka,1,1,1.0,0,1,7,7.0,1,4.0,80.0,0,1,0.0,1,1,0,1,1,1,9.0,1,1,1,0,2.0,1,0,2.0,0,1,4.0,0,0,0,1
Bouillabaisse,1,1,1.0,0,2,8,8.0,1,2.0,75.0,0,1,1.0,1,0,0,1,1,1,10.0,1,1,0,0,-3.0,1,1,7.0,1,1,2.0,0,0,0,1
Ramen,1,-1,1.0,0,1,2,2.0,0,3.0,50.0,0,-1,1.0,1,1,0,1,0,1,7.0,1,1,0,0,3.0,1,0,-2.0,1,1,2.0,1,1,0,0
Banh Mi,1,-1,1.0,0,-1,5,5.0,1,7.0,30.0,0,0,1.0,1,0,0,1,1,0,8.0,0,1,0,0,2.0,1,0,6.0,0,1,3.0,1,1,0,0
Shakshuka,1,0,1.0,0,1,4,4.0,1,3.0,75.0,0,0,1.0,1,0,0,1,1,1,7.0,0,1,1,1,3.0,1,0,3.0,0,1,2.0,1,0,0,1
Ceviche,1,-1,1.0,0,-1,6,8.0,1,3.0,0.0,0,1,1.0,1,0,0,0,0,-1,2.0,-1,1,0,0,-2.0,1,1,8.0,-1,1,0.0,0,0,0,1
Sauerbraten,2,1,1.0,0,1,8,7.0,1,4.0,70.0,0,0,0.0,2,0,0,1,0,1,9.0,1,1,0,0,-2.0,1,0,4.0,1,1,4.0,0,0,1,1
Coq au Vin,0,1,1.0,0,1,7,7.0,0,3.0,85.0,0,0,0.0,1,0,0,1,0,1,9.0,1,1,0,0,0.0,1,0,3.0,1,1,3.0,0,0,0,1
Miso Soup,1,-1,1.0,1,1,2,3.0,0,2.0,25.0,0,0,1.0,1,0,0,0,1,1,2.0,-1,1,0,1,-2.0,0,0,8.0,1,1,1.0,0,0,0,0
Bibimbap,1,-1,0.0,0,0,4,6.0,1,6.0,50.0,0,0,0.0,1,0,0,0,1,1,6.0,0,1,0,0,3.0,1,0,8.0,0,1,3.0,1,0,0,0
Chicken Tikka Masala,1,0,0.0,0,1,6,7.0,1,4.0,75.0,0,0,0.0,1,0,0,1,0,1,8.0,1,1,0,0,3.0,1,0,2.0,0,1,6.0,0,0,1,1
Gumbo,1,1,1.0,0,0,7,7.0,1,2.0,50.0,0,0,1.0,1,0,0,1,1,1,7.0,1,1,0,0,1.0,1,1,3.0,1,1,2.0,0,0,0,1
Churrasco,0,0,0.0,0,2,7,7.0,1,9.0,100.0,0,0,0.0,1,0,0,1,0,1,10.0,1,1,0,0,3.0,1,0,4.0,0,2,5.0,1,0,0,1
Baklava,0,1,0.0,0,1,7,8.0,0,3.0,100.0,1,1,0.0,1,0,0,1,0,1,10.0,1,1,0,0,-2.0,0,0,-5.0,0,1,6.0,1,1,2,0
Empanadas,1,1,1.0,0,1,5,6.0,1,7.0,75.0,0,0,1.0,1,1,0,1,0,1,9.0,1,1,0,0,4.0,1,0,4.0,0,2,3.0,1,1,1,1
Fish and Chips,1,-1,0.0,0,1,3,6.0,0,8.0,100.0,0,0,0.0,1,1,0,1,0,-1,10.0,1,1,0,0,0.0,1,1,2.0,0,2,4.0,0,0,0,1
Kimchi,2,-1,1.0,0,1,6,7.0,1,6.0,0.0,0,0,1.0,1,0,0,0,1,1,7.0,1,1,0,0,6.0,1,0,9.0,0,2,4.0,1,1,1,0
Pulled Pork,0,0,1.0,0,-1,6,5.0,1,5.0,85.0,0,1,0.0,1,0,0,1,0,1,10.0,1,1,0,0,2.0,1,0,-2.0,0,1,4.0,0,0,1,1
Tiramisu,0,1,0.0,0,1,6,8.0,0,2.0,30.0,1,0,0.0,1,1,0,1,0,1,8.0,1,1,1,0,0.0,0,0,0.0,0,1,2.0,0,0,2,0
Chili Con Carne,1,0,1.0,0,2,4,5.0,1,3.0,70.0,0,0,0.0,1,0,0,1,0,1,8.0,1,1,0,0,5.0,1,0,5.0,1,1,3.0,1,0,1,1
Bruschetta,1,0,1.0,0,-1,4,3.0,1,8.0,50.0,0,-1,1.0,1,0,1,0,1,0,8.0,-1,1,0,0,-1.0,1,0,8.0,0,1,4.0,1,1,1,0
Clam Chowder,1,0,0.0,0,-1,6,6.0,0,1.0,50.0,0,1,1.0,1,0,0,1,0,1,7.0,1,1,0,0,-2.0,1,1,2.0,1,1,2.0,1,0,0,1
Poutine,0,-1,0.0,0,1,6,4.0,0,2.0,75.0,0,0,0.0,1,1,0,2,0,-1,8.0,1,1,0,0,1.0,1,0,-5.0,0,2,1.0,0,1,0,0
Apple Pie,1,0,1.0,0,1,6,6.0,1,5.0,100.0,1,0,0.0,1,0,1,1,1,1,10.0,1,1,0,0,-2.0,0,0,3.0,0,0,4.0,0,1,2,0
Tandoori Chicken,1,0,1.0,0,4,7,7.0,1,7.0,100.0,0,0,1.0,1,0,0,1,0,1,10.0,0,1,0,0,3.0,1,0,6.0,0,1,6.0,1,1,0,1
Fajitas,1,0,0.0,0,4,6,7.0,1,8.0,75.0,0,-1,1.0,1,0,0,1,1,1,8.0,0,1,0,0,3.0,1,0,4.0,0,1,3.0,0,0,0,1
Baba Ganoush,1,0,1.0,0,1,7,6.0,0,5.0,80.0,0,0,1.0,1,0,1,0,1,1,8.0,-1,1,0,0,-2.0,0,0,7.0,0,1,3.0,1,1,0,0
Roast Beef,0,-1,1.0,0,1,7,8.0,0,7.0,100.0,0,0,0.0,1,0,0,1,0,1,10.0,1,1,0,0,-2.0,1,0,6.0,1,1,5.0,1,0,0,1
Caesar Salad,1,0,1.0,0,-1,5,6.0,1,6.0,0.0,0,0,1.0,1,0,0,1,1,0,2.0,-1,1,1,0,0.0,1,0,4.0,0,1,3.0,1,0,0,0
Lobster Roll,0,1,0.0,0,1,8,8.0,0,8.0,50.0,0,0,0.0,1,0,0,1,0,-1,10.0,1,1,0,0,1.0,1,1,2.0,-1,1,3.0,0,0,0,1
Mango Sticky Rice,1,0,0.0,0,1,7,7.0,1,2.0,70.0,1,0,1.0,1,1,1,0,0,1,8.0,1,1,0,0,-3.0,1,0,6.0,-1,1,4.0,1,1,2,0
Osso Buco,0,1,1.0,0,1,7,8.0,0,3.0,70.0,0,1,0.0,1,0,0,1,0,1,9.0,1,1,0,0,-2.0,1,0,3.0,1,1,4.0,0,0,0,1
Jambalaya,1,1,0.0,0,1,6,6.0,1,3.0,80.0,0,0,0.0,1,1,0,1,0,1,9.0,1,1,0,0,3.0,1,1,2.0,0,2,4.0,0,0,1,1
Eggs Benedict,0,0,0.0,0,1,4,4.0,0,3.0,30.0,0,1,1.0,1,0,0,1,0,-1,8.0,1,1,1,1,2.0,1,0,2.0,0,1,4.0,1,0,0,1
Shrimp Scampi,1,1,1.0,0,1,7,7.0,0,3.0,40.0,0,0,1.0,1,0,0,1,0,1,10.0,0,1,0,0,2.0,1,1,3.0,0,1,4.0,0,0,0,1
Beef Stroganoff,1,0,1.0,0,1,7,6.0,0,2.0,80.0,0,0,0.0,1,1,0,1,0,1,8.0,1,1,0,0,2.0,1,0,2.0,0,1,3.0,0,0,0,1
Corned Beef and Cabbage,0,0,0.0,0,1,3,3.0,0,5.0,100.0,0,-1,0.0,1,0,0,1,1,1,10.0,1,1,0,0,-2.0,1,0,2.0,1,2,5.0,0,0,0,1
Samosa,1,0,1.0,0,1,3,7.0,1,8.0,90.0,0,1,1.0,1,1,0,1,0,1,8.0,1,1,0,0,2.0,1,0,2.0,1,1,7.0,1,1,0,0
Cheeseburger,0,0,0.0,0,1,5,5.0,0,7.0,70.0,0,0,0.0,1,0,0,1,0,0,9.0,1,1,0,0,-2.0,1,0,-5.0,0,1,3.0,0,0,0,1
Bagel with Lox,1,-1,1.0,0,1,7,6.0,1,7.0,50.0,0,0,1.0,1,1,0,1,0,0,5.0,1,1,0,1,-1.0,1,1,4.0,0,1,3.0,0,1,0,1
Tarte Tatin,1,0,1.0,0,1,8,8.0,1,7.0,100.0,1,1,1.0,1,0,1,1,0,1,10.0,1,1,0,0,-2.0,1,0,2.0,0,1,7.0,0,1,2,0
Stuffed Peppers,1,1,1.0,0,1,5,5.0,1,6.0,85.0,0,0,1.0,1,0,1,0,1,1,8.0,1,1,0,0,5.0,1,0,7.0,0,1,3.0,1,0,1,0
Polenta,0,-1,1.0,0,1,3,2.0,0,6.0,100.0,0,0,0.0,1,1,0,1,1,1,9.0,1,1,0,0,0.0,1,0,4.0,0,1,7.0,1,0,0,0
Crab Cakes,0,0,0.0,0,0,7,8.0,1,7.0,75.0,0,0,1.0,1,0,0,1,0,1,10.0,1,1,1,0,-1.0,1,1,4.0,0,1,7.0,1,0,1,1
Meatloaf,0,0,0.0,0,1,5,4.0,0,3.0,100.0,0,0,0.0,1,0,0,1,0,1,9.0,1,1,1,0,0.0,1,0,2.0,0,1,6.0,0,0,0,1
Chicken and Waffles,0,-1,0.0,0,1,6,7.0,0,6.0,75.0,1,0,1.0,1,0,0,1,0,0,8.0,1,1,0,1,-1.0,1,0,2.0,0,1,4.0,0,1,1,1
Shrimp and Grits,1,0,0.0,0,0,7,8.0,0,6.0,70.0,0,0,0.0,1,1,0,0,0,1,8.0,1,1,0,1,1.0,1,1,2.0,0,1,3.0,0,0,1,1
Hot Dog,0,-1,0.0,0,2,3,2.0,0,4.0,50.0,0,-1,0.0,1,0,0,1,0,0,8.0,1,1,0,0,2.0,1,0,-5.0,0,1,4.0,1,1,0,1
Quiche Lorraine,0,1,0.0,0,0,6,7.0,0,3.0,100.0,0,0,0.0,1,1,0,1,1,1,10.0,0,1,1,1,0.0,1,0,2.0,0,1,4.0,0,0,0,1
Yakisoba,1,0,1.0,0,0,6,6.0,1,6.0,70.0,0,-1,0.0,1,1,0,1,0,0,7.0,0,1,0,0,3.0,1,0,2.0,0,1,4.0,0,1,1,0
Spaghetti Bolognese,1,1,0.0,0,0,5,3.0,0,3.0,100.0,0,0,0.0,1,1,0,1,1,1,8.0,1,1,0,0,-2.0,1,0,2.0,0,1,3.0,0,0,1,1
Chicken Alfredo,0,0,0.0,0,0,6,7.0,0,1.0,85.0,0,0,0.0,1,1,0,1,0,0,10.0,1,1,1,0,0.0,1,0,-5.0,0,1,3.0,0,0,0,1
Steak Frites,0,1,1.0,0,0,8,7.0,0,8.0,85.0,0,0,0.0,1,1,0,1,0,1,9.0,1,1,0,0,0.0,1,0,2.0,0,1,7.0,0,0,0,1
Arancini,0,1,0.0,0,1,5,7.0,1,8.0,75.0,0,0,1.0,1,1,0,1,0,1,8.0,1,1,0,0,1.0,1,0,-5.0,0,1,7.0,1,1,1,1
Eton Mess,1,0,0.0,0,-1,6,7.0,1,7.0,25.0,1,0,1.0,1,0,1,1,0,0,8.0,-1,1,0,0,0.0,0,0,2.0,-1,1,3.0,0,1,2,0
Lamb Kofta,1,1,1.0,0,1,6,8.0,0,7.0,80.0,0,0,0.0,1,0,0,1,0,1,9.0,1,1,0,0,2.0,1,0,4.0,0,1,5.0,1,1,0,1
Rogan Josh,1,0,1.0,0,4,7,8.0,1,3.0,75.0,0,0,0.0,1,0,0,1,0,1,9.0,1,1,0,0,4.0,1,0,2.0,1,1,4.0,0,0,1,1
Calzone,1,1,0.0,0,1,5,5.0,0,8.0,100.0,0,1,0.0,1,1,0,1,1,1,10.0,1,1,0,0,1.0,1,0,1.0,0,1,6.0,1,0,1,1
Schnitzel,0,0,0.0,0,1,7,7.0,0,8.0,75.0,0,0,0.0,1,0,0,1,0,-1,9.0,1,1,1,0,0.0,1,0,-3.0,0,1,6.0,0,0,0,1
Tzatziki,1,0,0.0,0,1,2,4.0,1,5.0,0.0,0,0,1.0,0,0,0,1,1,0,2.0,-1,1,0,0,-2.0,0,0,8.0,-1,1,2.0,1,0,1,0
Pasta Primavera,1,0,0.0,0,0,3,4.0,1,2.0,40.0,0,0,0.0,1,1,1,0,1,0,6.0,0,1,0,0,1.0,0,0,2.0,0,1,3.0,0,0,0,0
Banana Bread,0,0,1.0,0,0,3,3.0,1,3.0,90.0,1,0,0.0,1,1,1,1,0,1,10.0,0,1,0,1,-2.0,0,0,2.0,0,0,3.0,0,1,2,0
Beignets,0,0,1.0,0,1,4,7.0,1,6.0,100.0,1,1,1.0,1,1,0,2,0,-1,10.0,1,1,1,1,-2.0,0,0,-5.0,-1,1,2.0,1,1,2,0
Chocolate Cake,0,-1,1.0,0,2,6,7.0,0,4.0,100.0,1,0,0.0,1,0,0,1,0,0,10.0,1,1,1,0,0.0,0,0,2.0,0,1,4.0,1,1,2,0
Creme Brulee,0,1,0.0,0,2,8,8.0,0,2.0,100.0,1,1,0.0,0,0,0,1,0,1,10.0,1,1,1,0,-5.0,0,0,2.0,0,0,3.0,1,0,2,0
Mango Salsa,1,-1,0.0,0,0,6,7.0,1,6.0,0.0,0,0,1.0,1,0,1,0,1,1,7.0,-1,1,0,0,2.0,0,0,8.0,0,1,3.0,0,1,2,0
Chicken Noodle Soup,1,0,0.0,0,0,4,3.0,0,2.0,50.0,0,0,1.0,1,1,0,1,0,1,8.0,0,1,0,0,-2.0,0,0,5.0,1,1,2.0,0,0,0,1
Pancakes,0,0,0.0,0,1,3,2.0,0,3.0,100.0,1,-1,0.0,1,1,0,1,0,1,9.0,1,1,1,1,-2.0,1,0,2.0,0,0,2.0,0,0,2,0
Pita Bread,0,-1,1.0,0,1,3,4.0,0,8.0,100.0,0,0,1.0,1,1,0,1,1,0,9.0,0,1,0,0,0.0,1,0,3.0,0,1,7.0,1,1,1,0
Scotch Eggs,0,1,1.0,0,1,3,5.0,0,7.0,75.0,0,0,1.0,1,1,0,1,0,1,8.0,1,1,1,0,2.0,1,1,2.0,0,1,6.0,1,1,0,1
Mashed Potatoes,0,0,0.0,0,1,2,2.0,0,2.0,100.0,0,-1,1.0,1,1,0,1,1,0,8.0,1,1,0,0,-1.0,1,0,2.0,1,1,3.0,1,0,1,0
Peking Duck Pancakes,1,0,1.0,0,1,8,8.0,1,7.0,50.0,1,1,1.0,1,0,0,1,0,1,7.0,0,1,0,0,3.0,1,0,2.0,0,1,7.0,0,1,1,1
Shepherd's Pie,0,0,0.0,0,1,4,4.0,0,2.0,100.0,0,0,0.0,1,1,0,1,1,1,10.0,1,1,0,0,2.0,1,0,2.0,0,1,3.0,0,0,0,1
Wiener Schnitzel,0,0,1.0,0,1,6,7.0,0,8.0,100.0,0,0,0.0,1,0,0,1,0,0,9.0,1,1,0,0,0.0,1,0,-4.0,0,1,7.0,0,0,0,1
Peking Ravioli,0,1,1.0,0,1,6,7.0,1,7.0,80.0,0,1,1.0,1,1,0,1,0,0,8.0,1,1,0,0,2.0,1,0,1.0,0,1,7.0,1,0,1,1
Fish Tacos,1,0,1.0,0,1,7,6.0,1,8.0,20.0,0,0,1.0,1,0,0,1,0,0,8.0,0,1,0,0,3.0,1,1,8.0,0,1,7.0,0,0,0,1
Spring Rolls,1,-1,0.0,0,-1,6,7.0,1,7.0,75.0,0,0,1.0,1,1,0,1,1,-1,7.0,-1,1,0,0,-1.0,0,0,7.0,0,1,4.0,0,1,0,0
Tamales,0,-1,0.0,0,1,4,7.0,1,3.0,80.0,0,0,0.0,1,1,0,1,1,1,8.0,1,1,0,1,2.0,1,0,2.0,0,1,3.0,1,1,1,1
Haggis,1,1,1.0,0,1,6,4.0,0,3.0,80.0,0,0,0.0,1,0,0,1,0,1,10.0,1,1,0,0,0.0,1,0,2.0,1,1,6.0,0,0,0,1
Kebabs,0,1,1.0,0,1,6,6.0,0,7.0,75.0,0,-1,1.0,1,0,0,1,1,1,8.0,1,1,0,0,2.0,1,0,2.0,0,1,4.0,1,1,0,1
Gado-Gado,1,0,1.0,0,0,6,4.0,0,4.0,70.0,0,0,0.0,1,1,1,1,1,0,8.0,0,1,1,0,2.0,1,0,8.0,-1,1,3.0,0,1,1,0
Nachos,1,-1,1.0,0,1,5,7.0,1,9.0,75.0,0,-1,1.0,1,0,0,1,0,0,8.0,1,1,0,0,3.0,1,0,-3.0,0,2,7.0,1,1,0,0
Roti,0,-1,0.0,0,1,2,2.0,0,6.0,75.0,0,-1,0.0,1,1,0,1,1,0,8.0,0,1,0,1,-2.0,1,0,3.0,0,0,7.0,1,1,0,0
Spanakopita,1,0,1.0,0,1,7,7.0,0,6.0,100.0,0,0,1.0,1,1,0,1,1,1,9.0,0,1,1,0,-2.0,1,0,6.0,0,1,6.0,0,1,0,0
Cannoli,0,-1,1.0,0,1,8,7.0,1,8.0,80.0,1,1,1.0,1,1,0,1,0,1,10.0,1,1,1,0,0.0,0,0,2.0,-1,1,7.0,1,1,2,0
Borscht,1,-1,1.0,0,1,3,4.0,1,2.0,30.0,0,0,1.0,1,0,0,0,1,1,8.0,0,1,0,0,-2.0,1,0,8.0,1,1,2.0,0,0,0,0
Salmon en Croute,0,0,1.0,0,1,8,8.0,1,4.0,100.0,0,1,1.0,1,1,0,1,0,1,10.0,1,1,0,0,0.0,1,1,6.0,0,1,4.0,1,0,1,1
Mac and Cheese,0,0,0.0,0,1,3,2.0,0,3.0,80.0,0,0,1.0,1,1,0,1,0,1,8.0,1,1,0,0,2.0,1,0,-2.0,0,1,4.0,1,1,1,0
French Onion Soup,1,0,1.0,0,1,5,5.0,0,2.0,50.0,0,0,1.0,1,0,0,1,1,1,7.0,1,1,0,0,2.0,1,0,3.0,1,1,2.0,0,0,1,0
Focaccia,0,0,1.0,0,0,4,7.0,1,7.0,100.0,0,0,1.0,1,1,0,1,0,0,10.0,0,1,0,0,0.0,0,0,2.0,0,1,3.0,1,1,1,0
Pierogi,0,-1,0.0,0,0,6,4.0,0,5.0,100.0,0,0,1.0,1,1,0,1,1,0,10.0,1,1,0,0,0.0,1,0,2.0,0,1,4.0,0,1,1,0
Moules-Frites,1,1,1.0,0,1,6,8.0,0,3.0,90.0,0,0,1.0,1,0,0,0,0,-1,10.0,1,1,0,0,-2.0,1,1,7.0,-1,2,3.0,0,0,0,0
Katsu Curry,1,1,1.0,0,2,6,6.0,1,7.0,70.0,0,0,1.0,1,1,0,1,0,1,9.0,1,1,0,0,2.0,1,0,1.0,0,2,6.0,0,0,1,1
Fried Chicken,0,-1,0.0,0,2,7,6.0,1,9.0,100.0,0,0,1.0,1,0,0,2,0,1,10.0,1,1,0,0,1.0,1,0,-3.0,0,2,6.0,1,0,0,1
Cheese Fondue,0,1,1.0,0,1,7,7.0,1,2.0,30.0,1,0,1.0,1,1,0,1,0,1,0.0,1,1,0,0,-2.0,1,0,2.0,1,2,3.0,0,1,0,0
Cauliflower Cheese,0,0,1.0,0,1,6,4.0,0,3.0,100.0,0,0,1.0,1,0,0,1,1,0,10.0,0,1,0,0,-2.0,1,0,2.0,1,1,4.0,0,0,0,0
Apple Strudel,1,0,0.0,0,1,7,7.0,1,3.0,100.0,1,1,0.0,1,1,1,1,0,1,9.0,1,1,0,1,-1.0,0,0,1.0,1,0,4.0,0,1,2,0
Bulgogi,0,1,0.0,0,1,6,7.0,1,7.0,75.0,0,0,1.0,1,0,0,1,0,1,9.0,1,1,0,1,1.0,1,0,7.0,0,1,4.0,1,1,1,1
Nasi Goreng,1,-1,0.0,0,1,4,5.0,1,7.0,60.0,0,-1,1.0,1,1,0,1,1,0,8.0,1,1,0,1,4.0,1,0,2.0,0,1,7.0,1,0,0,1
Sourdough Bread,1,0,0.0,0,0,5,5.0,0,8.0,100.0,0,1,0.0,1,1,0,0,1,1,10.0,1,1,0,0,0.0,0,0,4.0,0,1,7.0,1,0,0,0
Chicken Parmesan,1,0,0.0,0,1,6,6.0,1,7.0,100.0,0,0,0.0,1,1,0,1,0,1,10.0,1,1,1,0,3.0,1,0,2.0,0,1,6.0,0,0,1,1
Barbecue Ribs,1,1,1.0,0,-2,7,8.0,1,9.0,100.0,0,-1,0.0,1,0,0,1,0,1,10.0,1,1,0,0,3.0,1,0,-5.0,-1,2,5.0,1,1,1,1
Fish Fry,0,-1,1.0,0,1,6,6.0,1,9.0,80.0,0,0,1.0,1,0,0,1,0,-1,10.0,1,1,0,0,3.0,1,1,3.0,0,2,7.0,1,1,0,1
Pavlova,0,-1,0.0,0,0,7,7.0,1,3.0,80.0,1,1,0.0,0,0,1,0,0,1,10.0,1,1,1,0,0.0,1,0,2.0,-1,0,7.0,0,1,2,0
Chow Mein,1,0,1.0,0,1,6,7.0,1,7.0,25.0,0,0,0.0,1,1,0,1,1,0,8.0,0,1,0,0,2.0,1,0,-5.0,0,1,6.0,1,0,0,0
Pumpkin Pie,0,0,1.0,0,0,6,3.0,1,3.0,100.0,1,0,0.0,1,1,1,1,1,1,10.0,1,1,0,0,-2.0,1,0,3.0,1,0,4.0,1,0,2,0
Chicken Kiev,0,1,1.0,0,4,6,6.0,0,8.0,100.0,0,1,1.0,1,1,0,1,0,0,10.0,1,1,1,0,-2.0,1,0,2.0,0,1,8.0,1,1,0,1
Risotto,0,0,1.0,0,0,6,7.0,0,2.0,75.0,0,0,0.0,1,1,0,0,1,1,7.0,0,1,0,0,2.0,1,0,2.0,0,1,3.0,0,0,1,0
Bratwurst,0,1,1.0,0,1,4,3.0,0,7.0,80.0,0,-1,1.0,1,0,0,1,0,0,10.0,1,1,0,1,-2.0,1,0,-5.0,1,2,6.0,1,0,0,1
Fried Green Tomatoes,1,0,1.0,0,1,4,3.0,0,8.0,100.0,0,0,1.0,1,0,0,1,1,0,8.0,1,1,0,0,2.0,0,0,2.0,-1,1,4.0,1,1,1,0
Gazpacho,1,-1,1.0,1,-2,3,2.0,1,2.0,0.0,0,-1,1.0,1,0,1,0,1,1,2.0,-1,1,0,0,-2.0,0,0,8.0,-1,1,0.0,1,0,0,0
Grilled Cheese Sandwich,0,-1,0.0,0,1,2,2.0,0,6.0,100.0,0,-1,0.0,0,1,0,1,0,-1,9.0,1,1,0,1,-2.0,1,0,2.0,0,1,4.0,0,1,1,0
Chimichurri,1,0,1.0,0,0,4,7.0,1,3.0,0.0,0,0,0.0,1,0,0,1,1,1,4.0,-1,1,0,0,1.0,0,0,7.0,0,1,2.0,0,0,0,0
Dumplings,1,0,0.0,0,1,6,7.0,0,8.0,70.0,0,0,1.0,1,1,0,1,0,0,9.0,1,1,0,0,2.0,1,0,4.0,0,1,4.0,1,1,1,1
Sticky Toffee Pudding,0,1,1.0,0,1,7,7.0,0,2.0,100.0,1,0,0.0,1,1,0,1,0,1,9.0,1,1,0,0,0.0,0,0,-5.0,1,1,3.0,1,1,2,0
Stuffed Cabbage,1,1,1.0,0,1,6,5.0,1,6.0,100.0,0,0,0.0,1,1,0,1,1,1,9.0,1,1,0,0,-2.0,1,0,5.0,1,1,3.0,1,0,1,1
Cheesecake,0,0,0.0,0,-1,7,7.0,0,2.0,80.0,1,1,0.0,0,1,0,1,0,0,10.0,1,1,1,0,-2.0,0,0,-5.0,0,0,4.0,0,0,2,0
Quesadillas,0,0,1.0,0,1,5,3.0,1,6.0,80.0,0,-1,1.0,1,0,0,1,0,0,8.0,1,1,1,1,2.0,1,0,2.0,0,1,7.0,1,1,1,1
Black Forest Cake,0,1,0.0,0,1,7,8.0,1,3.0,80.0,1,1,0.0,1,0,1,1,0,0,8.0,1,1,0,0,0.0,0,0,-5.0,0,1,2.0,0,0,2,0
Cuban Sandwich,0,-1,1.0,0,0,6,6.0,1,7.0,85.0,0,0,0.0,1,0,0,1,0,0,8.0,1,1,0,0,-2.0,0,0,2.0,0,1,4.0,1,0,0,1
Risotto alla Milanese,0,0,1.0,0,1,7,7.0,0,3.0,80.0,0,0,1.0,1,1,0,1,1,1,9.0,1,1,0,0,0.0,1,0,2.0,0,1,4.0,0,0,1,0
Tarte Flambee,1,1,0.0,0,1,6,7.0,0,7.0,80.0,0,0,1.0,1,1,0,1,0,0,8.0,0,1,0,0,0.0,1,0,-5.0,0,1,6.0,0,1,1,0
Gravlax,1,1,0.0,0,-2,8,8.0,1,5.0,0.0,0,1,0.0,1,0,0,0,0,1,1.0,-1,1,0,0,-1.0,1,1,9.0,0,1,3.0,0,0,0,1
Enchiladas,1,0,1.0,0,1,6,6.0,1,3.0,80.0,0,0,0.0,1,0,0,1,1,1,8.0,1,1,0,0,4.0,1,0,2.0,0,1,4.0,0,0,1,1
Waffles,0,0,0.0,0,1,5,4.0,1,6.0,100.0,1,0,0.0,1,1,0,1,0,0,10.0,1,1,1,1,-2.0,1,0,2.0,0,0,7.0,1,1,2,0
Pot Roast,0,0,0.0,0,1,7,7.0,0,2.0,100.0,0,0,0.0,1,0,0,1,0,1,10.0,1,1,0,0,-2.0,1,0,7.0,1,1,5.0,1,0,0,1
Baked Ziti,1,0,0.0,0,1,4,4.0,1,5.0,100.0,0,0,0.0,1,1,0,1,1,1,10.0,1,1,0,0,0.0,1,0,-3.0,0,1,4.0,0,0,1,1
Fettuccine Alfredo,0,0,0.0,0,1,7,6.0,0,2.0,75.0,0,0,0.0,1,1,0,1,0,0,10.0,1,1,1,0,-1.0,1,0,-5.0,0,1,3.0,0,0,1,0
Chicken Cacciatore,1,0,0.0,0,1,6,4.0,1,5.0,80.0,0,0,0.0,1,0,0,1,1,1,9.0,0,1,0,0,2.0,1,0,5.0,0,1,5.0,0,0,0,1
Pasta Puttanesca,1,0,1.0,0,0,4,4.0,1,3.0,80.0,0,0,0.0,1,1,0,1,1,0,7.0,0,1,0,0,2.0,1,0,4.0,0,2,3.0,0,0,0,0
Churros,0,-1,1.0,0,1,4,7.0,0,8.0,100.0,1,1,1.0,1,1,0,1,0,-1,10.0,1,1,0,0,1.0,1,0,-7.0,-1,1,8.0,1,1,2,0
Hush Puppies,0,0,1.0,0,1,5,7.0,0,8.0,80.0,1,0,1.0,1,1,0,1,0,1,10.0,1,1,0,0,-2.0,0,0,-5.0,0,1,6.0,0,1,1,0
Huevos Rancheros,1,-1,1.0,0,1,3,3.0,1,3.0,75.0,0,0,0.0,1,0,0,1,0,0,8.0,1,1,1,1,2.0,1,0,4.0,0,1,4.0,1,0,0,0
Cornbread,1,-1,0.0,0,2,2,3.0,0,7.0,100.0,0,0,0.0,1,1,0,1,0,0,10.0,1,1,0,0,1.0,1,0,2.0,1,1,7.0,1,0,1,0
Roast Chicken,0,0,1.0,0,4,5,6.0,0,8.0,100.0,0,0,0.0,1,0,0,1,0,1,10.0,1,1,0,0,0.0,1,0,8.0,1,1,6.0,1,0,0,1
Kielbasa,0,-1,1.0,0,1,5,4.0,0,4.0,100.0,0,-1,0.0,1,0,0,1,0,1,10.0,1,1,0,0,1.0,1,0,-5.0,1,2,4.0,1,0,0,1
Potato Salad,1,0,0.0,0,-2,4,2.0,0,4.0,50.0,0,-1,1.0,1,1,0,1,1,1,5.0,0,1,0,0,-2.0,0,0,2.0,0,1,3.0,0,0,0,0
Meatballs,0,0,0.0,0,1,5,4.0,0,7.0,85.0,0,0,1.0,1,0,0,1,0,1,9.0,1,1,1,0,3.0,1,0,2.0,0,1,6.0,1,1,1,1
Lobster Thermidor,0,1,0.0,0,4,10,9.0,0,3.0,100.0,0,1,1.0,1,0,0,1,0,1,10.0,1,1,0,0,-1.0,1,1,2.0,1,1,4.0,1,0,0,1
Potato Pancakes,1,-1,0.0,0,1,3,2.0,0,8.0,75.0,0,0,1.0,1,1,0,1,1,0,9.0,1,1,0,1,2.0,1,0,-2.0,0,1,6.0,1,1,0,0
Pasta Carbonara,0,0,0.0,0,0,4,4.0,0,3.0,60.0,0,0,1.0,1,1,0,1,0,1,9.0,1,1,1,0,0.0,1,0,-4.0,0,1,6.0,1,0,0,1
Toad in the Hole,0,0,1.0,0,0,3,4.0,0,6.0,90.0,0,0,0.0,1,1,0,1,0,0,10.0,1,1,1,0,1.0,0,0,-2.0,1,1,6.0,0,0,1,1
Sushi Rolls,1,-1,1.0,0,-1,8,8.0,1,7.0,50.0,0,1,1.0,1,0,0,0,0,-1,5.0,-1,1,0,0,-2.0,1,1,8.0,0,1,3.0,1,0,1,1
Steak Tartare,0,1,1.0,0,-1,8,9.0,1,2.0,0.0,0,1,1.0,1,0,0,0,0,-1,0.0,1,1,0,0,0.0,1,0,4.0,0,1,2.0,0,0,0,1
Arroz con Pollo,1,0,0.0,0,1,3,6.0,1,3.0,75.0,0,0,1.0,1,1,0,1,1,1,9.0,0,1,0,1,1.0,1,0,2.0,0,1,4.0,0,1,1,1
Pork Schnitzel,0,0,0.0,0,1,4,7.0,0,8.0,90.0,0,0,1.0,1,0,0,1,0,-1,10.0,1,1,0,0,0.0,1,0,-3.0,0,2,7.0,1,0,0,1
Fruit Salad,1,-1,0.0,0,-1,3,3.0,1,3.0,0.0,1,-1,1.0,1,0,1,0,1,0,0.0,-1,1,0,1,-2.0,0,0,10.0,0,0,3.0,0,1,1,0
Chili,1,1,2.0,0,4,6,6.0,1,6.0,75.0,0,0,1.0,1,0,0,1,1,1,9.0,1,1,0,0,5.0,1,0,7.0,1,1,4.0,1,0,0,1
Corn on the Cob,0,-1,0.0,0,1,3,3.0,1,8.0,75.0,0,-1,1.0,1,0,0,0,1,0,10.0,0,1,0,0,2.0,1,0,5.0,-1,1,3.0,1,1,1,0
Eggplant Parmesan,0,0,0.0,0,1,6,4.0,0,4.0,90.0,0,0,1.0,1,0,0,1,1,1,10.0,1,1,0,0,-2.0,1,0,3.0,0,1,3.0,1,0,1,0
Fried Okra,1,-1,1.0,0,1,6,4.0,1,8.0,100.0,0,0,1.0,1,0,0,1,1,0,8.0,1,1,0,0,1.0,1,0,2.0,0,1,7.0,1,1,1,0
Honey Glazed Ham,0,0,0.0,0,1,7,6.0,1,4.0,100.0,1,0,1.0,1,0,1,1,0,1,10.0,1,1,0,0,-3.0,1,0,-3.0,1,1,6.0,0,0,2,1
Chicken Fried Steak,0,0,1.0,0,1,7,5.0,0,8.0,100.0,0,0,0.0,1,0,0,2,0,0,10.0,1,1,0,0,1.0,1,0,-5.0,0,1,6.0,0,0,1,1
Chickpea Salad,1,-1,1.0,0,0,3,2.0,0,4.0,0.0,0,-1,1.0,1,0,0,0,1,0,2.0,-1,1,0,0,-2.0,1,0,8.0,0,1,4.0,0,0,1,0
Fish Stew,1,0,1.0,0,1,7,7.0,0,2.0,70.0,0,0,1.0,1,0,0,1,0,1,8.0,0,1,0,0,3.0,1,1,8.0,1,1,4.0,0,0,0,1
Pasta Salad,1,0,0.0,0,1,3,2.0,1,3.0,25.0,0,0,1.0,1,1,0,0,1,0,3.0,0,1,0,0,0.0,0,0,4.0,0,1,4.0,0,0,0,0
Roast Lamb,0,1,1.0,0,1,8,7.0,0,8.0,100.0,0,0,0.0,1,0,0,1,0,1,10.0,1,1,0,0,-2.0,1,0,2.0,1,1,6.0,1,0,0,1
Pumpkin Soup,0,0,1.0,0,1,4,3.0,1,2.0,75.0,0,0,1.0,1,0,1,0,1,1,9.0,0,1,0,0,0.0,0,0,5.0,1,1,2.0,0,0,1,0
Apple Crumble,1,0,0.0,0,1,6,5.0,1,8.0,75.0,1,0,0.0,1,0,1,0,1,1,9.0,-1,1,0,0,-3.0,1,0,5.0,0,0,3.0,0,1,2,0
Roast Turkey,0,0,1.0,0,2,7,8.0,0,7.0,100.0,0,0,0.0,1,0,0,1,0,1,10.0,1,1,0,0,-1.0,1,0,7.0,1,1,6.0,1,0,0,1
Caesar Wrap,1,0,1.0,0,0,6,6.0,1,5.0,20.0,0,0,0.0,1,1,0,1,1,0,7.0,1,1,1,0,0.0,1,0,2.0,0,1,4.0,0,0,1,1
Shish Kebabs,1,1,1.0,0,1,7,7.0,1,7.0,85.0,0,0,1.0,1,0,0,1,1,1,9.0,1,1,0,0,3.0,1,1,4.0,0,1,7.0,1,0,0,1
Beef Tacos,1,0,1.0,0,1,6,7.0,1,8.0,70.0,0,0,0.0,1,0,0,1,0,1,8.0,1,1,0,0,6.0,1,0,1.0,0,1,6.0,0,0,0,1
Chicken Curry,1,0,1.0,0,2,7,6.0,0,4.0,75.0,0,0,0.0,1,0,0,1,0,1,8.0,1,1,0,0,5.0,1,0,4.0,0,1,3.0,0,0,1,1
Steamed Dumplings,1,-1,1.0,0,1,6,5.0,0,5.0,80.0,0,0,1.0,1,1,0,0,1,1,6.0,0,1,0,0,-2.0,1,0,4.0,0,1,3.0,1,1,1,0
Clam Bake,1,1,1.0,0,2,8,7.0,0,7.0,100.0,0,0,1.0,0,0,0,0,0,1,10.0,1,1,0,0,-3.0,1,1,6.0,-1,2,2.0,1,0,0,0
Lamb Chops,0,1,1.0,0,1,8,8.0,0,7.0,100.0,0,1,0.0,1,0,0,1,0,1,9.0,1,1,0,0,3.0,1,0,3.0,0,2,5.0,1,0,0,1
Fried Shrimp,0,1,1.0,0,1,7,7.0,1,9.0,100.0,0,0,1.0,1,0,0,1,0,-1,10.0,1,1,0,0,2.0,1,1,2.0,0,2,7.0,1,1,1,1
Potato Soup,0,0,1.0,0,1,3,2.0,0,2.0,25.0,0,0,1.0,1,1,0,1,1,1,7.0,0,1,0,0,-1.0,1,0,3.0,1,1,2.0,0,0,0,0
Smoked Salmon,0,-1,1.0,0,-1,7,9.0,1,3.0,0.0,0,0,1.0,1,0,0,1,0,1,5.0,0,1,0,1,-5.0,1,1,7.0,0,1,4.0,0,1,0,1
Cauliflower Soup,1,0,1.0,0,1,4,4.0,0,2.0,75.0,0,0,1.0,1,0,0,0,1,1,8.0,-1,1,0,0,-1.0,0,0,7.0,1,1,2.0,0,0,0,0
Steak Sandwich,0,0,0.0,0,2,6,7.0,0,7.0,75.0,0,0,0.0,1,0,0,1,0,0,8.0,1,1,0,0,1.0,1,0,2.0,0,1,6.0,0,0,0,1
Crab Bisque,1,1,1.0,0,1,8,8.0,1,2.0,75.0,0,1,1.0,1,0,0,1,0,1,9.0,1,1,0,0,1.0,0,1,4.0,1,1,2.0,0,0,0,1
Turkey Sandwich,0,-1,0.0,0,-1,3,3.0,0,5.0,25.0,0,-1,0.0,1,0,0,1,0,0,5.0,0,1,0,0,0.0,0,0,5.0,0,1,4.0,0,0,0,1
Lamb Stew,0,1,1.0,0,2,7,7.0,0,2.0,80.0,0,0,0.0,1,0,0,1,0,1,10.0,1,1,0,0,-2.0,1,0,3.0,1,1,4.0,0,0,0,1
Stuffed Mushrooms,1,0,1.0,0,1,6,5.0,0,6.0,85.0,0,0,1.0,1,0,0,1,1,1,8.0,0,1,0,0,1.0,1,0,6.0,0,1,3.0,1,1,0,0
Pork Belly,0,0,0.0,0,-2,7,7.0,0,4.0,80.0,0,0,0.0,1,0,0,2,0,1,8.0,1,1,0,0,2.0,1,0,-5.0,1,2,3.0,1,1,0,1
Duck Confit,0,1,1.0,0,-1,7,8.0,0,8.0,100.0,0,1,0.0,1,0,0,2,0,1,8.0,1,1,0,0,1.0,1,0,2.0,1,2,6.0,0,0,0,1
Pumpkin Risotto,0,0,1.0,0,1,6,6.0,1,3.0,70.0,0,0,0.0,1,1,0,0,1,1,7.0,1,1,0,0,0.0,1,0,4.0,1,1,3.0,0,0,1,0
Beef Carpaccio,0,0,1.0,0,-2,8,8.0,1,2.0,0.0,0,0,1.0,1,0,0,0,0,-1,2.0,-1,1,0,0,-2.0,1,0,2.0,0,1,2.0,1,0,0,1
Chicken Pot Pie,1,0,0.0,0,1,6,6.0,0,3.0,100.0,0,0,1.0,1,1,0,1,0,1,10.0,1,1,0,0,-1.0,1,0,2.0,1,1,3.0,0,1,0,1
Duck Breast,1,1,1.0,0,1,8,8.0,0,8.0,80.0,0,1,0.0,1,0,0,1,0,1,9.0,1,1,0,0,2.0,1,0,2.0,1,1,7.0,1,0,0,1
Egg Salad,0,-1,0.0,0,-1,2,2.0,1,3.0,0.0,0,-1,1.0,1,0,0,1,1,-1,8.0,0,1,1,1,-2.0,0,0,5.0,0,1,4.0,0,0,0,0
Grilled Asparagus,0,-1,1.0,0,1,7,6.0,0,6.0,100.0,0,-1,1.0,1,0,0,0,1,-1,9.0,-1,1,0,0,-1.0,0,0,9.0,-1,1,6.0,1,0,0,0
Lentil Soup,1,0,1.0,0,1,2,2.0,0,2.0,80.0,0,0,1.0,1,0,0,0,1,1,10.0,0,1,0,0,-2.0,0,0,8.0,1,1,1.0,0,0,0,0
Pork Chops,0,1,0.0,0,1,6,4.0,0,8.0,100.0,0,0,0.0,1,0,0,1,0,0,9.0,1,1,0,0,0.0,1,0,2.0,0,1,6.0,1,0,0,1
Spinach Salad,0,-1,1.0,0,-1,4,5.0,0,2.0,0.0,0,-1,0.0,1,0,0,0,1,0,0.0,-1,1,0,0,-3.0,0,0,10.0,0,1,0.0,0,0,0,0
Tuna Salad,1,-1,0.0,0,-1,5,4.0,0,5.0,50.0,0,-1,0.0,1,0,0,0,1,-1,0.0,-1,1,0,0,0.0,0,1,7.0,0,1,4.0,1,1,0,1
Vegetable Stir Fry,1,-1,1.0,0,1,3,3.0,1,7.0,75.0,0,0,0.0,1,1,0,0,1,1,8.0,-1,1,0,0,1.0,1,0,8.0,0,1,4.0,0,0,0,0
Zucchini Bread,0,0,1.0,0,1,6,4.0,0,2.0,100.0,0,0,0.0,1,1,0,0,1,1,9.0,-1,1,0,0,0.0,0,0,4.0,0,0,4.0,0,1,1,0
Apple Tart,1,-1,0.0,0,1,7,6.0,1,5.0,100.0,1,1,0.0,1,0,1,1,1,1,10.0,0,1,0,0,-1.0,0,0,5.0,0,0,6.0,0,1,2,0
Beet Salad,1,-1,1.0,0,-1,6,3.0,1,5.0,0.0,0,0,1.0,1,0,0,0,1,0,2.0,-1,1,0,0,-1.0,1,0,8.0,0,1,3.0,0,0,1,0
Chicken Satay,1,1,0.0,0,1,6,6.0,0,6.0,85.0,0,0,1.0,1,0,0,1,0,0,8.0,0,1,0,0,3.0,1,0,6.0,0,1,6.0,0,1,1,1
Chocolate Brownies,0,0,1.0,0,1,6,7.0,0,3.0,95.0,1,0,0.0,1,1,0,1,0,1,9.0,1,1,0,0,-2.0,0,0,1.0,0,1,3.0,1,1,2,0
Grilled Corn,1,-1,1.0,0,1,4,3.0,1,8.0,80.0,0,-1,1.0,1,0,0,0,1,1,8.0,0,1,0,1,1.0,0,0,8.0,-1,1,7.0,1,1,1,0
Lamb Curry,1,1,1.0,0,2,7,8.0,0,3.0,75.0,0,0,0.0,1,0,0,1,0,1,7.0,1,1,0,0,4.0,1,0,3.0,1,1,4.0,0,0,1,1
Seafood Paella,1,1,1.0,0,1,8,8.0,1,3.0,75.0,0,0,1.0,1,1,0,1,1,0,9.0,0,1,0,0,2.0,1,1,5.0,0,1,4.0,1,0,0,1
Squash Soup,0,0,1.0,0,1,4,3.0,0,2.0,75.0,0,0,1.0,1,0,0,0,1,1,8.0,1,1,0,0,-2.0,0,0,8.0,1,1,2.0,0,0,1,0
Tomato Soup,1,0,1.0,0,2,3,3.0,1,2.0,70.0,0,0,1.0,1,0,1,0,1,1,7.0,-1,1,0,0,-3.0,0,0,7.0,1,1,1.0,0,0,1,0
Vegetable Curry,1,0,1.0,0,1,5,3.0,1,4.0,60.0,0,0,0.0,1,0,0,1,1,1,8.0,0,1,0,0,5.0,1,0,8.0,0,1,3.0,0,0,1,0
Avocado Toast,0,-1,0.0,0,-1,7,7.0,0,5.0,10.0,0,0,1.0,1,0,1,1,1,0,8.0,-1,1,0,1,-2.0,1,0,8.0,0,1,3.0,0,1,0,0
Bacon Wrapped Dates,0,1,1.0,0,1,7,7.0,1,7.0,100.0,1,0,1.0,1,0,1,1,0,1,9.0,1,1,0,1,2.0,1,0,3.0,0,2,8.0,1,1,1,1
Chicken Enchiladas,1,0,1.0,0,1,6,6.0,1,4.0,85.0,0,0,0.0,1,0,0,1,0,1,9.0,1,1,0,0,6.0,1,0,2.0,0,1,4.0,0,0,1,1
Crab Rangoon,0,1,1.0,0,1,7,7.0,1,9.0,75.0,0,0,1.0,1,0,0,1,0,0,9.0,1,1,1,0,2.0,0,1,2.0,0,1,4.0,1,1,1,0
Green Bean Casserole,0,0,1.0,0,0,4,3.0,0,4.0,75.0,0,0,0.0,1,0,0,1,1,1,8.0,0,1,0,0,1.0,0,0,2.0,1,1,3.0,0,0,1,0
Ham and Cheese Sandwich,0,-1,0.0,0,-1,3,3.0,0,3.0,50.0,0,-1,0.0,1,0,0,1,0,0,10.0,0,1,0,1,-1.0,1,0,2.0,0,1,3.0,0,1,0,1
Italian Meatballs,1,0,0.0,0,1,5,5.0,0,7.0,90.0,0,0,1.0,1,1,0,1,0,1,9.0,1,1,0,0,3.0,1,0,3.0,0,1,6.0,1,1,1,1
Lobster Bisque,1,1,1.0,0,1,8,9.0,0,2.0,70.0,0,1,1.0,1,0,0,1,0,1,8.0,1,1,0,0,1.0,0,1,5.0,1,1,2.0,0,0,1,1
Oysters Rockefeller,0,1,1.0,0,2,8,8.0,0,3.0,0.0,0,1,1.0,1,0,0,1,0,-1,10.0,1,1,0,0,-8.0,0,1,5.0,-1,2,4.0,0,0,0,0
Pasta e Fagioli,1,0,1.0,0,1,2,4.0,0,3.0,50.0,0,0,1.0,1,1,0,0,1,1,7.0,1,1,0,0,-2.0,1,0,4.0,1,1,3.0,0,1,1,0
Peach Cobbler,1,1,0.0,0,1,5,5.0,1,3.0,90.0,1,0,0.0,1,0,1,1,0,1,9.0,0,1,0,0,-2.0,1,0,2.0,0,0,4.0,0,0,2,0
Ravioli,0,0,1.0,0,1,6,7.0,0,4.0,100.0,0,1,1.0,1,1,0,1,0,1,10.0,1,1,0,0,-3.0,1,0,2.0,0,1,4.0,1,0,0,1
Sesame Chicken,1,0,1.0,0,2,6,7.0,1,7.0,85.0,0,0,1.0,1,0,0,1,0,1,8.0,1,1,0,0,2.0,1,0,-3.0,0,1,7.0,0,1,1,1
Stuffed Squash,1,0,1.0,0,0,7,6.0,1,6.0,75.0,0,0,1.0,1,0,1,1,1,1,8.0,1,1,0,0,0.0,1,0,8.0,1,1,4.0,0,0,1,0
Sweet Potato Fries,0,0,0.0,0,1,7,7.0,1,8.0,75.0,1,0,1.0,1,1,0,1,1,1,8.0,0,1,0,0,-2.0,1,0,7.0,1,1,2.0,1,1,1,0
Tuna Casserole,1,-1,1.0,0,1,3,2.0,0,3.0,90.0,0,0,0.0,1,1,0,1,0,1,9.0,0,1,0,0,-2.0,0,1,2.0,0,1,3.0,0,0,0,1
Chicken Wings,0,0,1.0,0,4,6,5.0,1,8.0,90.0,0,0,1.0,1,0,0,1,0,1,9.0,1,1,0,0,2.0,1,0,3.0,0,2,6.0,1,1,0,1
Grilled Lamb,0,1,1.0,0,4,8,8.0,0,8.0,80.0,0,0,1.0,1,0,0,1,0,1,9.0,1,1,0,0,6.0,1,0,2.0,-1,2,6.0,1,0,0,1
Lamb Shanks,0,1,1.0,0,2,7,8.0,0,1.0,100.0,0,1,0.0,2,0,0,1,0,1,9.0,1,1,0,0,-2.0,1,0,3.0,1,2,3.0,1,0,0,1
Minestrone,0,0,1.0,0,0,3,2.0,1,3.0,20.0,0,0,1.0,1,1,0,0,1,1,8.0,0,1,0,0,-2.0,0,0,8.0,1,1,2.0,0,0,0,0
Omelette,0,-1,1.0,0,1,4,2.0,0,4.0,100.0,0,0,0.0,1,0,0,1,1,0,8.0,0,1,1,1,1.0,1,0,4.0,0,1,3.0,1,0,0,0
Peking Chicken,1,0,1.0,0,2,6,8.0,1,7.0,100.0,0,0,0.0,1,0,0,1,0,1,9.0,1,1,0,0,2.0,1,0,2.0,0,1,6.0,1,1,1,1
Pulled Chicken,1,-1,1.0,0,1,3,4.0,1,5.0,100.0,0,0,1.0,1,0,0,1,0,1,8.0,0,1,0,0,1.0,1,0,8.0,0,1,5.0,0,1,1,1
Roasted Vegetables,1,0,1.0,0,1,5,3.0,1,8.0,100.0,0,-1,0.0,1,0,0,0,1,1,9.0,0,1,0,0,-2.0,0,0,8.0,1,1,7.0,1,0,0,0
Shrimp Tacos,1,1,1.0,0,1,8,7.0,1,8.0,70.0,0,0,0.0,1,0,0,0,0,1,7.0,-1,1,0,0,3.0,1,1,6.0,0,1,6.0,0,0,0,1
Spinach Artichoke Dip,0,0,1.0,0,1,5,7.0,0,3.0,75.0,0,0,1.0,1,0,0,1,1,1,7.0,1,1,0,0,0.0,1,0,2.0,0,1,3.0,0,1,1,0
Tomato Basil Soup,1,0,1.0,0,1,4,4.0,1,2.0,80.0,0,0,1.0,1,0,1,0,1,1,7.0,-1,1,0,0,-3.0,1,0,6.0,1,1,2.0,0,0,1,0
Zucchini Fritters,0,0,1.0,0,1,6,3.0,1,8.0,75.0,0,0,1.0,1,1,0,1,1,-1,8.0,-1,1,0,0,1.0,1,0,6.0,0,1,3.0,0,1,0,0
BBQ Chicken,1,1,1.0,0,2,6,4.0,1,8.0,75.0,0,0,1.0,1,0,0,1,0,1,9.0,1,1,0,0,0.0,1,0,2.0,-1,2,6.0,1,1,1,1
Beef Brisket,0,0,1.0,0,-2,7,6.0,0,3.0,80.0,0,0,0.0,1,0,0,1,0,1,9.0,1,1,0,0,-2.0,1,0,-2.0,1,1,4.0,1,0,0,1
Carrot Cake,0,0,1.0,0,0,6,7.0,1,3.0,80.0,1,0,0.0,1,1,1,1,1,1,9.0,1,1,0,0,0.0,0,0,2.0,0,0,3.0,0,1,2,0
Chicken Adobo,1,0,0.0,0,1,3,4.0,0,4.0,75.0,0,-1,1.0,1,0,0,1,0,1,9.0,1,1,0,1,-2.0,1,0,6.0,0,2,4.0,1,1,1,1
Chocolate Chip Cookies,0,0,1.0,0,1,4,6.0,0,7.0,100.0,1,0,0.0,1,1,0,1,0,0,9.0,0,1,0,0,-1.0,0,0,-5.0,0,1,7.0,0,1,2,0
Deviled Eggs,0,0,0.0,0,1,5,3.0,1,6.0,70.0,0,-1,1.0,1,0,0,1,0,1,7.0,1,1,1,0,2.0,1,0,2.0,0,1,3.0,1,1,0,0
Garlic Bread,0,0,0.0,0,2,5,6.0,0,7.0,100.0,0,-1,1.0,1,1,0,1,0,0,10.0,0,1,0,0,-2.0,1,0,1.0,0,1,8.0,1,0,1,0
Grilled Scallops,1,1,1.0,0,1,8,8.0,0,7.0,80.0,0,0,1.0,1,0,0,0,0,0,9.0,0,1,0,0,-2.0,1,1,8.0,-1,1,4.0,1,0,0,0
Irish Stew,0,1,0.0,0,1,4,3.0,0,2.0,25.0,0,0,0.0,1,1,0,1,1,1,10.0,1,1,0,0,0.0,1,0,5.0,1,1,3.0,0,0,0,1
Jerk Chicken,1,0,1.0,0,3,7,7.0,1,8.0,90.0,0,0,0.0,1,0,0,1,0,1,9.0,1,1,0,0,6.0,1,0,5.0,0,2,6.0,1,0,1,1
Korean BBQ,1,1,1.0,0,2,7,7.0,1,5.0,70.0,0,0,1.0,1,0,0,1,0,1,7.0,1,1,0,0,1.0,1,0,6.0,0,1,6.0,1,1,1,1
Margarita,2,1,1.0,1,1,4,5.0,1,1.0,0.0,0,0,0.0,0,0,1,0,0,0,10.0,1,1,0,0,-5.0,0,0,-5.0,-1,1,0.0,1,0,0,0
Meatball Sub,0,0,0.0,0,1,5,4.0,0,6.0,75.0,0,0,0.0,1,0,0,1,0,1,8.0,1,1,0,0,2.0,1,0,2.0,0,1,4.0,0,1,0,1
Pineapple Upside Down Cake,1,0,1.0,0,0,6,6.0,1,4.0,90.0,1,0,0.0,1,1,1,1,0,1,10.0,1,1,0,0,0.0,0,0,1.0,0,1,3.0,0,0,2,0
Pork Tacos,1,0,0.0,0,1,3,4.0,1,7.0,75.0,0,0,0.0,1,0,0,1,0,1,7.0,1,1,0,0,2.0,1,0,2.0,0,1,5.0,1,0,0,1
Red Velvet Cake,0,-1,1.0,0,0,7,8.0,1,2.0,100.0,1,0,0.0,1,0,0,1,0,0,10.0,1,1,1,0,0.0,0,0,-5.0,0,1,3.0,0,0,2,0
Roast Duck,0,1,1.0,0,4,8,8.0,0,8.0,100.0,0,1,0.0,1,0,0,1,0,1,10.0,1,1,0,0,4.0,1,0,4.0,1,1,7.0,1,0,1,1
Seafood Chowder,1,1,1.0,0,1,8,6.0,0,3.0,70.0,0,0,1.0,1,0,0,1,0,0,8.0,1,1,0,0,-3.0,1,1,5.0,1,1,2.0,0,0,0,1
Shrimp Cocktail,0,1,1.0,0,-1,7,8.0,1,7.0,0.0,0,0,1.0,1,0,0,0,0,-1,5.0,-1,1,0,0,-2.0,0,1,6.0,-1,1,3.0,0,0,0,1
Sweet and Sour Pork,2,0,1.0,0,1,6,6.0,1,6.0,80.0,1,0,1.0,1,0,0,1,0,1,9.0,1,1,0,0,0.0,1,0,-3.0,0,1,6.0,0,0,1,1
Thai Green Curry,1,1,1.0,0,1,4,7.0,1,2.0,75.0,0,0,0.0,1,0,0,1,1,1,8.0,0,1,0,0,5.0,1,1,4.0,-1,1,3.0,0,0,1,1
Turkey Burger,0,-1,1.0,0,1,4,6.0,0,7.0,80.0,0,0,0.0,1,0,0,1,0,0,8.0,0,1,0,0,1.0,1,0,4.0,0,1,4.0,0,0,0,1
Bacon and Eggs,0,-1,0.0,0,1,3,2.0,0,6.0,100.0,0,-1,0.0,1,0,0,1,0,1,10.0,1,1,1,1,-2.0,1,0,2.0,0,1,5.0,0,0,0,1
BBQ Ribs,1,1,1.0,0,1,7,7.0,1,8.0,100.0,1,0,1.0,1,0,0,2,0,1,10.0,1,1,0,0,2.0,1,0,-5.0,-1,2,4.0,0,1,1,1
Beef Burgers,0,-1,1.0,0,0,5,7.0,0,7.0,80.0,0,0,0.0,1,0,0,1,0,-1,8.0,1,1,0,0,0.0,1,0,-2.0,0,1,6.0,1,0,0,1
Beef Jerky,0,-1,1.0,0,-2,8,7.0,0,8.0,100.0,0,-1,0.0,1,0,0,1,0,1,9.0,0,1,0,0,2.0,1,0,2.0,0,2,9.0,1,1,0,1
Bread Pudding,0,0,1.0,0,1,3,2.0,0,2.0,100.0,1,0,0.0,1,1,0,1,0,1,9.0,1,1,1,0,-5.0,1,0,2.0,0,1,3.0,0,1,2,0
Buffalo Wings,1,0,1.0,0,3,6,7.0,0,8.0,75.0,0,0,1.0,1,0,0,1,0,1,9.0,1,1,0,0,5.0,1,0,-2.0,0,2,3.0,1,1,0,1
Chicken Fajitas,1,0,0.0,0,1,6,6.0,1,6.0,80.0,0,0,1.0,1,0,0,1,0,1,8.0,0,1,0,0,2.0,1,0,6.0,0,1,6.0,0,0,0,1
Chicken Kebabs,0,1,0.0,0,2,6,7.0,0,8.0,75.0,0,0,1.0,1,0,0,1,0,0,8.0,0,1,0,0,2.0,1,0,4.0,0,1,6.0,1,0,0,1
Chicken Marsala,1,1,0.0,0,1,6,8.0,0,4.0,80.0,0,0,0.0,1,0,0,1,0,1,8.0,1,1,0,0,2.0,1,0,6.0,0,1,5.0,0,0,1,1
Chicken Quesadilla,1,0,1.0,0,1,6,5.0,1,6.0,75.0,0,-1,0.0,1,0,0,1,0,0,8.0,1,1,1,0,1.0,1,0,2.0,0,1,4.0,0,1,1,1
Chocolate Mousse,0,0,1.0,0,0,7,9.0,0,2.0,0.0,1,1,0.0,1,0,0,1,0,1,6.0,0,1,1,0,-3.0,1,0,2.0,0,1,2.0,0,1,2,0
Cobb Salad,1,-1,1.0,0,-1,6,6.0,1,6.0,0.0,0,0,0.0,1,0,0,1,1,0,8.0,0,1,1,0,0.0,0,0,6.0,0,1,6.0,0,0,0,1
Corn Fritters,0,-1,0.0,0,1,3,3.0,1,7.0,75.0,0,0,1.0,1,0,0,1,1,-1,9.0,1,1,0,1,0.0,1,0,2.0,0,1,3.0,0,1,1,0
Cranberry Sauce,2,0,1.0,0,-1,5,5.0,1,2.0,100.0,1,-1,0.0,1,0,1,0,0,0,9.0,0,1,0,0,-5.0,0,0,2.0,1,1,3.0,0,0,2,0
Crepes,1,0,0.0,0,0,5,6.0,1,2.0,60.0,1,1,1.0,1,1,0,1,0,1,10.0,-1,1,1,1,0.0,1,0,2.0,0,1,3.0,0,1,2,0
Crispy Duck,0,1,1.0,0,1,8,8.0,1,9.0,100.0,0,1,1.0,1,0,0,1,0,1,9.0,1,1,0,0,2.0,1,0,2.0,1,2,8.0,1,1,1,1
Croutons,0,0,0.0,0,-1,4,4.0,0,8.0,100.0,0,0,0.0,1,0,0,1,0,-1,10.0,0,1,0,0,-1.0,0,0,2.0,1,1,8.0,1,1,0,0
Cucumber Salad,1,-1,0.0,0,-2,3,2.0,0,2.0,0.0,0,-1,1.0,0,0,0,0,1,0,0.0,-1,1,0,0,-2.0,0,0,9.0,-1,0,2.0,0,0,0,0
Eggplant Rollatini,1,0,1.0,0,1,6,7.0,0,3.0,85.0,0,0,1.0,1,1,0,0,1,1,8.0,1,1,0,0,-3.0,1,0,5.0,0,1,3.0,0,0,1,0
Fish Fingers,0,-1,0.0,0,-1,3,4.0,0,8.0,80.0,0,0,1.0,1,0,0,1,0,-1,10.0,0,1,0,0,-1.0,1,1,3.0,0,1,6.0,0,1,0,1
French Bread,0,0,0.0,0,0,3,2.0,0,8.0,100.0,0,1,1.0,0,0,0,1,0,0,10.0,0,1,0,0,0.0,1,0,-1.0,0,1,7.0,1,0,0,0
Garlic Shrimp,1,0,1.0,0,2,6,7.0,1,9.0,80.0,0,0,1.0,1,0,0,1,1,1,10.0,1,1,0,0,1.0,1,0,8.0,0,1,6.0,0,0,0,1
Gingerbread,0,1,1.0,0,1,4,3.0,0,6.0,100.0,1,0,0.0,1,1,0,1,0,1,10.0,0,1,0,0,-3.0,0,0,1.0,1,1,8.0,1,1,2,0
Greek Salad,1,-1,1.0,0,-1,4,4.0,1,6.0,0.0,0,-1,1.0,1,0,1,0,1,0,0.0,-1,1,0,0,2.0,0,0,8.0,0,1,7.0,1,0,0,0
Grilled Chicken,0,-1,1.0,0,1,4,4.0,0,6.0,100.0,0,-1,1.0,1,0,0,1,0,1,9.0,0,1,0,0,-2.0,1,0,8.0,0,1,6.0,1,1,0,1
Guacamole,0,-1,1.0,0,-1,6,6.0,1,4.0,0.0,0,-1,1.0,1,0,1,1,1,-1,2.0,-1,1,0,0,-2.0,0,0,8.0,0,1,2.0,1,1,0,0
Hot and Sour Soup,2,1,1.0,0,1,5,5.0,1,2.0,30.0,0,0,1.0,1,0,0,1,1,1,5.0,-1,1,0,0,4.0,0,0,6.0,1,1,2.0,1,0,1,0
Key Lime Pie,2,0,1.0,0,0,6,7.0,0,3.0,100.0,1,0,0.0,1,0,1,1,0,1,8.0,1,1,1,0,-1.0,0,0,2.0,-1,0,4.0,1,1,2,0
Lamb Burgers,0,1,1.0,0,1,5,6.0,0,7.0,80.0,0,0,0.0,1,0,0,1,0,1,8.0,1,1,0,0,2.0,1,0,2.0,0,1,6.0,1,0,0,1
Lemon Meringue Pie,2,0,1.0,0,1,7,7.0,1,2.0,100.0,1,1,0.0,1,0,1,1,0,0,10.0,1,1,1,0,-2.0,0,0,2.0,-1,0,4.0,0,0,2,0
Linguine with Clams,1,1,1.0,0,-1,7,6.0,0,4.0,50.0,0,0,1.0,1,1,0,1,0,1,7.0,0,1,0,0,0.0,1,1,2.0,0,1,3.0,0,0,0,0
Margarita Pizza,1,-1,1.0,0,1,4,7.0,1,3.0,100.0,0,0,0.0,1,1,0,1,1,0,10.0,0,1,0,0,0.0,1,0,2.0,0,1,4.0,1,1,0,0
Pasta Arrabiata,1,-1,1.0,0,0,3,2.0,1,3.0,85.0,0,0,0.0,1,1,0,1,1,1,8.0,0,1,0,0,6.0,1,0,2.0,0,1,4.0,0,0,0,0
Peanut Butter Cookies,0,0,1.0,0,1,3,4.0,0,6.0,90.0,1,0,0.0,1,0,0,1,0,0,10.0,1,1,0,0,-2.0,0,0,2.0,0,1,8.0,0,1,2,0
Pesto Pasta,0,1,1.0,0,1,3,7.0,0,3.0,0.0,0,-1,1.0,1,1,0,0,1,1,10.0,0,1,0,0,0.0,1,0,2.0,0,1,3.0,0,0,0,0
Pita Chips,0,-1,1.0,0,0,3,7.0,0,8.0,100.0,0,0,1.0,1,1,0,1,1,0,10.0,0,1,0,0,0.0,0,0,2.0,0,1,8.0,1,1,0,0
Pizza Margherita,1,0,0.0,0,1,3,5.0,1,5.0,75.0,0,0,0.0,1,1,0,1,1,1,9.0,1,1,0,0,0.0,1,0,2.0,0,1,6.0,1,1,1,0
Pork Ribs,1,1,0.0,0,-2,7,6.0,0,6.0,100.0,0,0,1.0,1,0,0,2,0,1,9.0,1,1,0,0,2.0,1,0,-5.0,0,2,6.0,1,0,0,1
Potato Gratin,0,0,0.0,0,1,5,7.0,0,4.0,100.0,0,0,1.0,1,1,0,1,1,1,10.0,1,1,0,0,0.0,1,0,2.0,0,1,4.0,1,0,1,0
Potato Skins,0,0,1.0,0,1,4,5.0,0,8.0,90.0,0,0,1.0,1,1,0,1,1,1,8.0,1,1,0,1,1.0,1,0,4.0,0,2,7.0,1,1,0,0
Roast Pork,1,1,1.0,0,2,6,6.0,0,8.0,100.0,0,0,1.0,1,0,0,1,0,1,10.0,1,1,0,0,2.0,1,0,2.0,1,2,7.0,1,0,0,1
Rye Bread,0,-1,1.0,0,0,4,3.0,0,8.0,100.0,0,0,0.0,1,1,0,0,0,0,10.0,1,1,0,1,-2.0,1,0,7.0,0,1,7.0,1,0,0,0
Salmon Tartare,1,1,1.0,0,-1,8,8.0,1,3.0,0.0,0,0,1.0,1,0,0,0,0,-1,2.0,-1,1,0,0,-2.0,1,1,9.0,0,1,2.0,0,1,0,1
Seafood Pasta,1,0,1.0,0,1,7,7.0,1,2.0,70.0,0,0,0.0,1,1,0,1,0,-1,8.0,0,1,0,0,-2.0,1,1,4.0,0,1,3.0,0,0,0,1
Shrimp Fried Rice,1,0,0.0,0,1,7,7.0,1,8.0,70.0,0,0,0.0,1,1,0,1,0,1,7.0,0,1,0,0,1.0,1,1,2.0,0,1,3.0,0,0,1,0
Sourdough Pizza,1,1,1.0,0,1,8,7.0,0,7.0,100.0,0,0,1.0,1,1,0,1,1,1,9.0,1,1,0,0,-1.0,1,0,2.0,0,1,7.0,1,1,0,0
Spaghetti Aglio e Olio,0,-1,1.0,0,0,2,3.0,0,2.0,70.0,0,-1,0.0,1,1,0,1,1,1,8.0,0,1,0,0,2.0,1,0,2.0,0,1,3.0,0,0,0,0
Spinach Pie,1,0,1.0,0,1,4,7.0,0,5.0,85.0,0,0,1.0,1,0,0,0,1,1,8.0,0,1,0,0,-2.0,0,0,7.0,0,1,3.0,0,0,0,0
Squid Ink Pasta,1,-1,1.0,0,1,6,7.0,0,5.0,50.0,0,0,1.0,1,1,0,1,0,0,10.0,0,1,0,0,1.0,1,1,2.0,0,1,8.0,0,0,0,0
Steamed Mussels,1,1,1.0,0,1,6,6.0,0,2.0,100.0,0,0,1.0,1,0,0,0,0,1,9.0,1,1,0,0,-2.0,1,1,8.0,1,2,2.0,1,0,0,1
Strawberry Shortcake,1,-1,0.0,0,-1,7,7.0,1,3.0,90.0,1,0,0.0,0,0,1,0,0,0,10.0,1,1,0,0,-2.0,0,0,2.0,-1,0,3.0,0,1,2,0
Stuffed Tomatoes,1,0,1.0,0,1,5,6.0,1,6.0,70.0,0,0,1.0,1,0,1,1,1,1,7.0,1,1,0,0,-3.0,1,0,7.0,0,1,4.0,1,0,1,1
Teriyaki Chicken,1,1,1.0,0,1,6,6.0,1,6.0,70.0,0,0,1.0,1,0,0,1,0,1,8.0,1,1,0,0,2.0,1,0,4.0,0,1,4.0,1,0,1,1
Thai Red Curry,1,1,1.0,0,1,7,7.0,1,2.0,30.0,0,0,0.0,1,0,0,1,1,1,5.0,0,1,0,0,5.0,1,0,2.0,0,1,3.0,0,1,1,1
Tuna Nicoise,1,-1,1.0,0,0,7,6.0,1,5.0,50.0,0,0,0.0,1,0,0,0,1,0,3.0,1,1,0,0,0.0,1,1,8.0,0,1,3.0,0,0,0,1
Turkey Meatloaf,0,0,0.0,0,1,4,3.0,0,3.0,85.0,0,0,0.0,1,0,0,1,0,1,8.0,1,1,0,0,2.0,1,0,8.0,1,1,6.0,0,0,0,1
Veggie Burger,1,-1,1.0,0,0,5,6.0,1,6.0,70.0,0,0,0.0,1,1,0,0,1,0,8.0,0,1,0,0,0.0,1,0,7.0,0,1,4.0,0,0,1,0
Vietnamese Spring Rolls,1,-1,0.0,0,-1,4,6.0,1,6.0,0.0,0,0,1.0,1,0,0,1,1,0,3.0,-1,1,0,0,-2.0,0,0,8.0,0,1,3.0,0,1,1,0
Vietnamese Spring Rolls,1,-1,1.0,0,-1,6,6.0,1,6.0,25.0,0,0,1.0,1,0,0,1,1,0,3.0,-1,1,0,0,-3.0,0,0,8.0,0,1,3.0,0,1,1,0
Ziti,1,-1,0.0,0,0,5,2.0,0,5.0,100.0,0,0,0.0,1,1,0,1,0,1,10.0,1,1,0,0,0.0,1,0,2.0,0,0,6.0,0,0,0,0
Zucchini Boats,0,0,1.0,0,1,7,5.0,1,6.0,75.0,0,0,1.0,1,0,0,0,1,1,8.0,0,1,0,0,2.0,1,0,7.0,0,1,3.0,1,0,1,0
Zuppa Toscana,1,1,1.0,0,1,4,4.0,1,3.0,50.0,0,0,1.0,1,0,0,1,1,1,7.0,1,1,0,0,2.0,0,0,1.0,1,2,2.0,0,0,1,1
Beef Bourguignon,0,1,0.0,0,1,7,8.0,0,3.0,85.0,0,1,0.0,1,0,0,1,0,1,9.0,1,1,0,0,2.0,1,0,2.0,1,1,3.0,0,0,0,1
Cheese Quesadilla,0,0,0.0,0,1,3,4.0,0,7.0,100.0,0,-1,1.0,1,1,0,1,0,0,10.0,1,1,0,1,-3.0,1,0,2.0,0,1,7.0,1,1,0,0
Chicken Burrito,0,-1,0.0,0,1,6,6.0,1,6.0,70.0,0,0,0.0,1,1,0,1,0,1,8.0,0,1,0,1,2.0,1,0,4.0,0,1,4.0,0,0,0,1
Chicken Tenders,1,-1,0.0,0,1,6,5.0,1,8.0,100.0,0,-1,1.0,1,0,0,1,0,0,9.0,0,1,0,0,0.0,1,0,3.0,0,1,6.0,1,1,0,1
Egg Drop Soup,1,0,1.0,0,1,2,2.0,0,2.0,20.0,0,-1,1.0,1,0,0,0,0,1,2.0,-1,1,1,0,-2.0,0,0,6.0,1,1,2.0,0,0,1,0
French Crepes,1,1,0.0,0,0,6,7.0,0,2.0,100.0,1,0,1.0,1,1,0,1,0,1,9.0,-1,1,1,1,-2.0,1,0,2.0,0,1,3.0,0,1,2,0
French Dip,1,1,1.0,0,1,4,5.0,0,6.0,60.0,0,0,0.0,1,0,0,1,0,1,8.0,1,1,0,0,2.0,1,0,-2.0,1,1,3.0,0,0,1,1
French Toast,0,0,0.0,0,1,3,3.0,0,3.0,100.0,1,-1,1.0,1,1,1,1,0,1,9.0,1,1,1,1,-1.0,1,0,2.0,0,1,3.0,0,0,2,0
Garlic Chicken,1,0,1.0,0,1,6,4.0,0,7.0,100.0,0,0,1.0,1,0,0,1,1,1,10.0,1,1,0,0,2.0,1,0,7.0,0,1,6.0,1,0,0,1
Garlic Knots,1,-1,1.0,0,1,3,7.0,0,7.0,100.0,0,0,1.0,1,1,0,1,1,1,9.0,0,1,0,0,-3.0,1,0,-2.0,0,1,7.0,1,1,0,0
Garlic Parmesan Wings,1,0,1.0,0,1,6,7.0,0,9.0,75.0,0,0,1.0,1,0,0,1,0,1,8.0,1,1,0,0,-2.0,1,0,2.0,0,1,6.0,1,1,1,0
Greek Yogurt,1,-1,1.0,0,-1,6,6.0,0,2.0,0.0,1,0,0.0,1,0,0,0,0,1,0.0,0,1,1,1,-8.0,0,0,7.0,0,1,8.0,1,1,1,0
Hamburger,0,0,0.0,0,1,4,5.0,0,6.0,80.0,0,0,0.0,1,0,0,1,0,0,8.0,1,1,0,0,0.0,1,0,-2.0,0,1,6.0,0,0,0,1
Lasagna Bolognese,1,1,0.0,0,1,7,8.0,0,3.0,100.0,0,0,0.0,1,1,0,1,1,1,10.0,1,1,0,0,0.0,1,0,1.0,0,1,3.0,0,0,0,1
Mushroom Risotto,0,0,1.0,0,1,5,7.0,0,4.0,75.0,0,0,0.0,1,1,0,0,1,1,10.0,0,1,0,0,0.0,1,0,4.0,0,1,4.0,0,0,0,0
New England Clam Chowder,0,0,1.0,0,1,5,6.0,0,2.0,60.0,0,0,1.0,1,1,0,1,0,1,8.0,1,1,0,0,-3.0,1,1,2.0,1,1,3.0,0,0,0,0
Pasta Pesto,0,0,1.0,0,0,4,4.0,1,3.0,20.0,0,0,0.0,1,1,0,1,1,1,8.0,0,1,0,0,-2.0,1,0,4.0,0,1,3.0,0,0,1,0
Pesto Chicken,1,0,1.0,0,1,7,7.0,0,7.0,75.0,0,0,1.0,1,0,0,1,1,1,9.0,0,1,0,0,-1.0,1,0,4.0,0,1,4.0,0,0,0,1
Pumpkin Muffins,0,0,0.0,0,1,5,5.0,1,3.0,85.0,1,0,0.0,1,1,1,0,1,1,8.0,-1,1,0,1,1.0,0,0,2.0,1,1,3.0,0,1,2,0
Risotto Primavera,0,0,1.0,0,0,7,6.0,1,2.0,30.0,0,0,1.0,1,1,1,0,1,1,8.0,0,1,0,0,0.0,1,0,3.0,0,1,3.0,0,0,1,0
Salmon Patties,0,0,0.0,0,1,7,5.0,1,8.0,90.0,0,0,0.0,1,0,0,1,0,1,9.0,0,1,0,0,1.0,1,1,8.0,0,1,6.0,0,0,0,1
Salmon Salad,1,-1,1.0,0,-1,8,7.0,1,4.0,25.0,0,0,1.0,1,0,0,1,1,0,5.0,-1,1,0,0,-2.0,0,1,9.0,0,1,7.0,0,0,0,1
Shrimp Bisque,0,1,0.0,0,1,7,8.0,0,1.0,50.0,0,1,1.0,1,0,0,1,0,1,6.0,0,1,0,0,1.0,0,1,4.0,1,1,2.0,0,0,1,1
Shrimp Pasta,1,0,1.0,0,1,8,7.0,1,2.0,80.0,0,0,1.0,1,1,0,0,0,1,8.0,0,1,0,0,1.0,1,1,4.0,0,1,3.0,0,0,0,1
Sweet Potato Pie,1,0,1.0,0,1,6,3.0,1,3.0,100.0,1,0,1.0,1,1,1,1,1,1,9.0,1,1,0,0,-4.0,1,0,5.0,1,0,3.0,1,1,2,0
Vanilla Pudding,0,0,0.0,0,0,5,6.0,0,3.0,75.0,1,0,1.0,0,0,0,1,0,1,9.0,0,1,0,0,0.0,0,0,3.0,0,0,3.0,0,1,2,0
Vegetable Lasagna,1,0,1.0,0,1,4,5.0,1,4.0,100.0,0,0,0.0,1,1,0,1,1,1,10.0,0,1,0,0,0.0,1,0,7.0,0,1,3.0,0,0,1,0
Vegetarian Chili,1,-1,1.0,0,1,4,3.0,1,2.0,70.0,0,0,0.0,1,0,0,0,1,1,8.0,0,1,0,0,2.0,1,0,8.0,1,1,3.0,0,0,0,0
Veggie Stir Fry,0,-1,1.0,0,1,4,3.0,1,7.0,75.0,0,0,1.0,1,0,0,0,1,0,7.0,0,1,0,0,2.0,1,0,8.0,0,1,4.0,1,1,0,0
Zucchini Noodles,0,-1,0.0,0,1,6,6.0,1,3.0,40.0,0,-1,0.0,1,0,0,0,1,0,3.0,-1,1,0,0,-3.0,0,0,9.0,0,1,2.0,0,0,0,0
Zucchini Patties,0,-1,1.0,0,1,4,3.0,0,7.0,95.0,0,0,1.0,1,0,0,0,1,0,9.0,-1,1,0,0,0.0,1,0,7.0,0,1,7.0,1,1,0,0
Alfredo Sauce,0,0,0.0,0,1,6,7.0,0,0.0,50.0,0,0,1.0,0,1,0,1,0,1,3.0,1,1,1,0,0.0,1,0,-5.0,0,1,3.0,0,0,0,0
Baked Beans,1,-1,0.0,0,1,2,2.0,1,2.0,90.0,0,-1,0.0,1,0,0,0,1,1,10.0,1,1,0,1,1.0,0,0,5.0,0,1,3.0,1,1,1,0
Baked Brie,0,1,0.0,0,1,7,7.0,0,7.0,100.0,1,0,1.0,1,0,0,1,0,1,10.0,1,1,0,0,-2.0,1,0,-5.0,1,1,3.0,1,1,1,0
Baked Chicken,0,1,0.0,0,2,4,2.0,0,8.0,100.0,0,0,0.0,1,0,0,1,0,1,10.0,0,1,0,0,-3.0,1,0,8.0,0,1,5.0,1,1,0,1
Baked Cod,0,0,1.0,0,1,6,4.0,0,7.0,100.0,0,0,0.0,1,0,0,0,0,0,10.0,0,1,0,0,-3.0,1,1,8.0,0,1,6.0,1,0,0,1
Baked Macaroni and Cheese,0,0,1.0,0,1,4,4.0,0,6.0,100.0,0,0,1.0,1,1,0,1,0,1,10.0,1,1,0,0,-2.0,1,0,2.0,0,1,7.0,1,0,1,0
Baked Salmon,0,0,1.0,0,1,7,7.0,1,7.0,100.0,0,0,1.0,1,0,0,1,0,1,10.0,0,1,0,0,-1.0,1,1,8.0,0,1,6.0,0,0,0,1
Baked Spaghetti,1,0,1.0,0,1,4,4.0,1,2.0,100.0,0,0,0.0,1,1,0,1,1,1,10.0,1,1,0,0,2.0,1,0,2.0,0,1,3.0,1,0,1,0
Baked Tilapia,1,-1,0.0,0,0,4,3.0,0,7.0,100.0,0,-1,0.0,1,0,0,1,0,-1,10.0,-1,1,0,0,-3.0,1,1,8.0,0,1,6.0,1,0,0,1
Banana Pancakes,0,-1,0.0,0,1,4,3.0,1,2.0,75.0,1,0,0.0,1,0,1,1,0,1,8.0,-1,1,0,1,-2.0,1,0,4.0,0,0,3.0,1,0,2,0
BBQ Sauce,1,0,1.0,0,1,4,7.0,1,3.0,80.0,0,0,0.0,1,0,0,1,0,1,8.0,1,1,0,0,2.0,0,0,2.0,0,2,8.0,0,0,1,0
Beef Chili,1,1,1.0,0,2,6,5.0,1,5.0,75.0,0,0,0.0,1,0,0,1,0,1,10.0,1,1,0,0,5.0,1,0,2.0,1,2,3.0,0,0,0,1
Beef Enchiladas,1,0,1.0,0,1,7,7.0,1,4.0,80.0,0,0,0.0,1,0,0,1,0,1,9.0,1,1,0,0,7.0,1,0,-3.0,0,1,4.0,0,0,0,1
Beef Empanadas,0,1,0.0,0,1,7,7.0,0,6.0,75.0,0,0,1.0,1,0,0,1,0,1,10.0,1,1,0,0,2.0,1,0,2.0,0,1,7.0,1,1,0,1
Beef Kabobs,0,1,0.0,0,0,7,7.0,0,7.0,70.0,0,0,1.0,1,0,0,1,0,0,8.0,1,1,0,0,3.0,1,0,3.0,0,1,6.0,1,1,0,1
Beef Nachos,0,0,1.0,0,1,6,7.0,1,8.0,70.0,0,0,0.0,1,0,0,1,0,1,9.0,1,1,0,0,2.0,1,0,-3.0,0,2,6.0,1,1,0,1
Beef Stir Fry,0,0,1.0,0,1,6,5.0,1,4.0,70.0,0,0,0.0,1,0,0,1,1,1,8.0,1,1,0,0,5.0,1,0,2.0,0,1,7.0,0,0,0,1
Beef Tostadas,0,0,1.0,0,1,6,7.0,0,8.0,70.0,0,0,1.0,1,0,0,1,0,1,8.0,1,1,0,0,3.0,1,0,2.0,0,2,6.0,1,1,0,1
Black Bean Soup,0,-1,1.0,0,0,3,3.0,0,2.0,75.0,0,-1,1.0,1,0,0,0,1,1,8.0,0,1,0,0,-2.0,1,0,8.0,1,1,2.0,1,0,0,0
BLT Sandwich,0,-1,0.0,0,0,5,5.0,0,7.0,25.0,0,-1,0.0,1,0,0,1,0,0,10.0,0,1,0,1,0.0,1,0,2.0,0,1,4.0,0,0,0,1
Blueberry Muffins,1,0,1.0,0,0,6,7.0,1,5.0,100.0,1,0,0.0,1,0,1,1,0,0,9.0,0,1,0,1,-1.0,0,0,2.0,0,1,3.0,0,1,2,0
Breakfast Burrito,0,-1,1.0,0,1,6,6.0,1,3.0,50.0,0,0,0.0,1,1,0,1,"It contains vegetables, so the value is 1.",0,9.0,1,1,1,1,2.0,1,0,-3.0,0,1,3.0,0,1,1,1
Broccoli Cheddar Soup,0,0,1.0,0,-2,4,5.0,0,2.0,30.0,0,0,1.0,1,0,0,1,1,1,9.0,0,1,0,0,-2.0,0,0,5.0,1,1,2.0,0,0,0,0
Broccoli Salad,0,-1,1.0,0,-1,3,3.0,0,6.0,0.0,0,0,1.0,1,0,0,0,1,0,0.0,-1,1,0,0,2.0,0,0,8.0,0,0,3.0,0,0,0,0
Butternut Squash Soup,0,0,1.0,1,1,5,5.0,0,2.0,75.0,0,0,1.0,1,0,1,0,1,1,10.0,0,1,0,0,-2.0,0,0,7.0,1,1,2.0,0,0,1,0
Caesar Dressing,1,0,1.0,0,1,6,7.0,0,1.0,0.0,0,0,1.0,1,0,0,1,0,0,0.0,1,1,1,0,-2.0,1,0,-5.0,0,2,3.0,0,1,1,1
Caprese Salad,1,-1,0.0,0,-1,4,3.0,1,1.0,0.0,0,-1,1.0,0,0,1,0,1,0,2.0,-1,1,0,0,0.0,1,0,8.0,0,1,3.0,1,0,0,0
Caramel Apple,1,1,1.0,0,1,4,7.0,1,8.0,75.0,1,1,0.0,1,0,1,1,1,1,10.0,1,1,0,1,-5.0,0,0,2.0,1,1,6.0,0,1,2,0
Caramel Corn,0,1,1.0,0,0,4,7.0,1,8.0,100.0,1,0,1.0,0,0,0,1,0,1,10.0,1,1,0,0,-2.0,0,0,-5.0,0,1,7.0,1,1,2,0
Carrot Soup,0,-1,0.0,1,1,3,3.0,1,2.0,80.0,0,0,1.0,1,0,0,0,1,1,8.0,-1,1,0,0,-2.0,0,0,8.0,1,1,2.0,0,0,1,0
Chicken Alfredo Pasta,1,0,0.0,0,1,6,7.0,0,2.0,90.0,0,0,0.0,1,1,0,1,0,0,10.0,1,1,0,0,0.0,1,0,-5.0,0,1,4.0,0,0,0,1
Chicken Caesar Salad,1,0,1.0,0,-1,6,6.0,0,7.0,50.0,0,0,1.0,1,0,0,1,1,0,5.0,0,1,1,0,-2.0,1,0,5.0,0,1,3.0,0,0,1,1
Chicken Caprese,1,-1,0.0,0,1,6,5.0,0,6.0,80.0,0,0,0.0,1,0,0,1,0,0,8.0,0,1,0,0,0.0,1,0,6.0,0,1,5.0,0,0,1,1
Chicken Chili,1,0,1.0,0,2,5,4.0,1,6.0,75.0,0,0,0.0,1,0,0,1,0,1,8.0,1,1,0,0,3.0,1,0,5.0,1,1,4.0,0,1,0,1
Chicken Divan,1,0,0.0,0,1,6,5.0,0,5.0,85.0,0,0,1.0,1,1,0,1,1,1,9.0,1,1,1,0,2.0,1,0,2.0,0,1,4.0,0,0,1,1
Chicken Fettuccine Alfredo,0,0,0.0,0,1,7,6.0,0,3.0,100.0,0,0,1.0,1,1,0,1,0,0,10.0,1,1,1,0,0.0,1,0,-5.0,0,1,3.0,0,0,0,1
Chicken Florentine,0,0,0.0,0,1,6,6.0,0,6.0,80.0,0,0,0.0,1,1,0,1,1,1,8.0,0,1,0,0,-2.0,1,0,5.0,0,1,4.0,0,0,0,1
Chicken Florentine Pasta,1,0,1.0,0,1,6,6.0,0,3.0,80.0,0,0,0.0,1,1,0,1,1,0,10.0,1,1,0,0,3.0,1,0,2.0,0,1,4.0,0,0,1,1
Chicken Nachos,1,1,1.0,0,1,5,4.0,1,8.0,60.0,0,0,1.0,1,0,0,1,0,0,9.0,1,1,0,0,2.0,1,0,1.0,0,1,4.0,0,1,1,1
Chicken Pasta,0,0,0.0,0,0,6,6.0,0,7.0,80.0,0,0,0.0,1,1,0,1,0,1,9.0,0,1,0,0,1.0,1,0,2.0,0,1,4.0,0,0,0,1
Chicken Salad,1,-1,0.0,0,-2,5,6.0,0,5.0,50.0,0,0,1.0,1,0,0,1,1,0,3.0,-1,1,0,0,-2.0,0,0,8.0,0,1,6.0,0,0,0,1
Chicken Sandwich,0,-1,0.0,0,1,5,4.0,1,6.0,80.0,0,0,0.0,1,0,0,1,0,0,8.0,0,1,0,0,1.0,1,0,3.0,0,1,6.0,0,0,0,1
Chicken Soup,0,0,0.0,0,1,3,3.0,0,2.0,25.0,0,0,1.0,1,0,0,1,0,1,10.0,-1,1,0,0,0.0,0,0,5.0,1,1,2.0,0,0,0,1
Chicken Stew,0,0,0.0,0,1,7,4.0,0,2.0,100.0,0,0,0.0,1,0,0,1,0,1,9.0,1,1,0,0,2.0,1,0,7.0,1,1,4.0,0,0,0,1
Chicken Stir Fry,0,0,1.0,0,2,4,6.0,1,7.0,95.0,0,-1,0.0,1,0,0,1,1,0,9.0,0,1,0,0,2.0,1,0,6.0,0,1,6.0,1,1,0,1
Chicken Tortilla Soup,1,0,1.0,0,1,4,4.0,1,3.0,20.0,0,0,1.0,1,0,0,1,1,1,8.0,0,1,0,0,3.0,0,0,4.0,1,1,2.0,1,0,1,1
Chicken Wrap,0,-1,0.0,0,1,4,5.0,0,7.0,70.0,0,0,0.0,1,0,0,1,0,0,8.0,0,1,0,0,1.0,1,0,2.0,0,1,6.0,0,1,0,1
Chili Dogs,1,1,1.0,0,4,5,4.0,1,8.0,75.0,0,0,1.0,1,0,0,1,0,1,9.0,0,1,0,0,5.0,1,0,-4.0,1,2,3.0,0,1,0,1
Chili Mac,1,1,1.0,0,1,3,4.0,1,3.0,75.0,0,0,0.0,1,1,0,1,1,1,8.0,1,1,0,0,5.0,1,0,-3.0,1,1,4.0,0,0,0,1
Chimichanga,1,1,1.0,0,1,6,7.0,1,8.0,100.0,0,0,0.0,1,0,0,2,0,1,10.0,1,1,0,0,3.0,1,0,-5.0,0,2,7.0,1,0,1,1
Chocolate Fondue,0,1,1.0,0,1,7,7.0,0,4.0,0.0,1,0,1.0,1,0,0,1,0,0,8.0,1,1,0,0,-2.0,1,0,2.0,0,1,3.0,0,1,2,0
Chocolate Ice Cream,0,-1,1.0,0,-2,7,7.0,0,2.0,0.0,1,0,0.0,1,0,0,1,0,0,6.0,1,1,0,0,-2.0,1,0,3.0,-1,0,2.0,0,1,2,0
Cinnamon Rolls,0,0,0.0,0,1,5,7.0,1,3.0,100.0,1,1,0.0,1,1,0,1,0,1,10.0,1,1,0,1,-2.0,0,0,-5.0,1,1,3.0,1,1,2,0
Coconut Cake,1,-1,0.0,0,-1,7,7.0,0,2.0,100.0,1,0,0.0,0,0,1,1,0,1,7.0,1,1,0,0,-1.0,0,0,2.0,0,0,4.0,0,0,2,0
Coconut Shrimp,0,1,1.0,0,1,7,7.0,0,8.0,100.0,0,0,1.0,1,0,0,1,0,-1,9.0,1,1,0,0,-2.0,1,0,2.0,-1,1,7.0,0,1,1,0
Coconut Soup,1,-1,1.0,0,1,6,7.0,0,1.0,0.0,0,0,1.0,1,0,1,1,0,1,3.0,0,1,0,0,-1.0,0,0,4.0,1,1,2.0,0,0,1,0
Coleslaw,1,-1,0.0,0,1,2,1.0,1,4.0,0.0,0,-1,1.0,1,0,1,1,1,0,1.0,0,1,0,0,-2.0,0,0,5.0,0,1,3.0,0,0,1,0
Cottage Pie,0,0,0.0,0,1,4,3.0,0,3.0,100.0,0,0,0.0,1,1,0,1,1,1,10.0,1,1,0,0,1.0,1,0,2.0,1,1,4.0,1,0,0,1
Crab Salad,1,-1,1.0,0,-2,8,8.0,1,4.0,0.0,0,0,1.0,1,0,0,0,0,0,3.0,0,1,0,0,-1.0,0,1,8.0,0,2,2.0,0,0,0,1
Cranberry Bread,1,0,1.0,0,0,4,5.0,1,5.0,80.0,1,0,0.0,1,0,1,1,0,0,8.0,-1,1,0,0,-2.0,0,0,2.0,1,1,6.0,0,0,1,0
Cranberry Muffins,1,0,1.0,0,1,6,6.0,1,5.0,100.0,1,-1,0.0,1,0,1,1,0,1,9.0,-1,1,0,1,-2.0,0,0,3.0,-1,0,4.0,0,1,1,0
Cream Cheese Frosting,0,-1,0.0,0,1,7,7.0,0,2.0,0.0,1,0,0.0,0,0,0,1,0,0,9.0,1,1,0,0,-2.0,0,0,-6.0,0,1,3.0,0,0,2,0
Creamed Spinach,1,0,1.0,0,1,5,6.0,0,2.0,75.0,0,0,1.0,1,0,0,1,1,1,5.0,0,1,0,0,-2.0,0,0,5.0,1,1,3.0,0,0,1,0
Crème Fraîche,1,0,0.0,0,1,7,6.0,0,1.0,0.0,1,1,0.0,0,0,0,1,0,0,0.0,0,1,1,0,-8.0,0,0,2.0,0,1,4.0,0,0,0,0
Egg Rolls,0,0,1.0,0,1,4,6.0,0,8.0,70.0,0,0,1.0,1,1,0,1,1,-1,7.0,1,1,1,0,2.0,1,0,2.0,0,1,6.0,1,1,1,0
Fried Pickles,2,1,1.0,0,1,6,5.0,1,8.0,100.0,0,0,1.0,1,0,0,1,1,-1,8.0,0,1,0,0,0.0,0,0,-4.0,0,2,4.0,0,1,1,0
Ginger Cookies,1,0,1.0,0,1,5,6.0,0,7.0,95.0,1,0,0.0,1,0,0,1,0,1,8.0,-1,1,0,0,2.0,0,0,2.0,1,1,8.0,0,1,2,0
Granola Bars,0,0,1.0,0,1,5,6.0,0,7.0,75.0,0,0,0.0,1,0,1,1,0,0,9.0,0,1,0,1,-3.0,0,0,2.0,0,1,7.0,0,1,2,0
Green Chili,2,-1,2.0,0,2,4,2.0,0,6.0,50.0,0,0,1.0,1,0,0,1,1,1,9.0,1,1,0,0,7.0,1,0,8.0,1,1,2.0,1,0,0,0
Green Smoothie,1,-1,1.0,1,-1,7,7.0,0,2.0,0.0,0,-1,0.0,1,0,1,0,1,0,0.0,-1,1,0,1,-5.0,0,0,9.0,0,0,2.0,0,0,0,0
Grilled Pork Chops,0,0,1.0,0,1,5,4.0,0,7.0,75.0,0,0,0.0,1,0,0,1,0,-1,8.0,1,1,0,0,-1.0,1,0,2.0,-1,1,6.0,1,0,0,1
Halibut,0,-1,0.0,0,1,8,8.0,0,3.0,100.0,0,0,1.0,1,0,0,1,0,0,10.0,0,1,0,0,0.0,1,1,9.0,0,1,5.0,1,0,0,1
Hamburger Helper,1,-1,1.0,0,0,3,3.0,0,7.0,75.0,0,-1,0.0,1,1,0,1,0,1,7.0,0,1,0,0,0.0,0,0,-5.0,0,1,3.0,0,0,0,1
Homemade Pasta,0,0,1.0,0,1,5,2.0,0,7.0,100.0,0,1,1.0,1,1,0,1,1,1,10.0,0,1,1,0,0.0,1,0,2.0,0,1,7.0,1,0,0,0
Hot Chocolate,0,-1,1.0,1,2,3,4.0,0,1.0,0.0,1,-1,0.0,1,0,0,1,0,1,0.0,1,1,0,1,-2.0,0,0,1.0,1,0,2.0,0,1,2,0
Ice Cream Sandwich,0,-1,0.0,0,-2,2,5.0,1,3.0,0.0,1,0,0.0,0,0,0,1,0,0,8.0,1,1,0,0,-5.0,1,0,2.0,-1,1,2.0,0,1,2,0
Italian Sausage,0,1,1.0,0,1,3,6.0,1,6.0,100.0,0,-1,0.0,1,1,0,1,0,1,10.0,1,1,0,1,2.0,1,0,-6.0,1,2,6.0,1,1,0,1
Jalapeno Poppers,1,-1,1.0,0,2,7,7.0,1,8.0,75.0,0,0,1.0,1,0,0,1,1,1,9.0,1,1,0,0,4.0,0,0,2.0,0,1,6.0,0,1,1,0
Lasagna Soup,1,0,1.0,0,0,6,6.0,0,4.0,75.0,0,0,0.0,1,1,0,1,1,1,7.0,1,1,0,0,1.0,0,0,2.0,1,1,3.0,0,0,0,1
Lemon Bars,2,-1,1.0,0,0,7,7.0,1,5.0,100.0,1,0,0.0,1,0,1,1,0,0,8.0,-1,1,1,0,-2.0,0,0,2.0,0,0,7.0,1,1,1,0
Lemon Chicken,2,0,1.0,0,1,7,4.0,1,7.0,75.0,0,0,1.0,1,0,1,1,0,1,9.0,0,1,0,0,-1.0,1,0,6.0,0,1,5.0,0,1,1,1
Lemon Cookies,2,0,1.0,0,1,7,6.0,1,6.0,100.0,1,0,0.0,1,0,1,0,0,0,8.0,-1,1,0,0,-2.0,0,0,0.0,0,1,7.0,0,1,1,0
Lemon Drizzle Cake,2,0,1.0,0,1,5,7.0,0,3.0,100.0,1,0,0.0,1,0,1,1,0,1,10.0,0,1,0,0,-2.0,0,0,1.0,0,0,4.0,0,1,2,0
Lemon Garlic Chicken,2,0,1.0,0,1,6,7.0,1,7.0,100.0,0,0,1.0,1,0,1,0,0,1,9.0,1,1,0,0,-2.0,1,0,7.0,0,1,5.0,0,0,0,1
Lemon Sorbet,2,-1,1.0,0,-2,6,6.0,1,0.0,0.0,1,0,1.0,1,0,1,0,0,0,10.0,-1,1,0,0,-5.0,0,0,8.0,-1,0,2.0,0,1,1,0
Mango Salad,1,-1,0.0,0,-1,4,6.0,1,4.0,0.0,0,0,1.0,1,0,1,0,1,0,2.0,-1,1,0,0,-1.0,0,0,8.0,0,1,4.0,0,0,1,0
Marinated Chicken,1,1,1.0,0,1,5,5.0,1,8.0,70.0,0,0,1.0,1,0,0,1,0,1,9.0,0,1,0,0,1.0,1,0,6.0,0,1,5.0,0,0,1,1
Mexican Rice,1,0,1.0,0,1,4,4.0,1,3.0,80.0,0,0,1.0,1,1,0,1,1,1,8.0,0,1,0,0,2.0,1,0,-4.0,0,1,7.0,0,1,1,0
Molten Lava Cake,0,1,1.0,0,4,8,6.0,1,2.0,90.0,1,1,1.0,1,0,0,1,0,1,9.0,1,1,1,0,-6.0,1,0,-5.0,1,1,3.0,0,1,2,0
Mozzarella Sticks,0,-1,0.0,0,1,7,6.0,0,8.0,80.0,1,-1,1.0,1,0,0,1,0,0,10.0,1,1,0,0,1.0,1,0,-5.0,0,1,7.0,1,1,1,0
Mushroom Soup,0,0,1.0,0,1,4,4.0,0,2.0,75.0,0,0,1.0,1,0,0,0,1,1,9.0,0,1,0,0,-2.0,0,0,6.0,1,1,1.0,0,0,0,0
Oatmeal Cookies,0,0,1.0,0,1,3,3.0,0,7.0,90.0,1,0,0.0,1,0,1,1,0,0,9.0,-1,1,0,0,-2.0,0,0,-2.0,0,1,7.0,0,1,2,0
Oven Fried Chicken,1,-1,1.0,0,2,6,5.0,1,9.0,90.0,0,0,0.0,1,0,0,1,0,1,10.0,1,1,0,0,2.0,1,0,2.0,0,1,7.0,1,1,1,1
Pasta Bake,1,0,0.0,0,1,3,3.0,0,4.0,100.0,0,0,0.0,1,1,0,1,1,1,10.0,1,1,0,0,-2.0,1,0,2.0,0,1,3.0,0,0,1,0
Peanut Butter Pie,0,0,1.0,0,1,3,5.0,0,1.0,0.0,1,0,0.0,1,0,0,1,0,0,8.0,1,1,0,0,-1.0,0,0,-4.0,0,1,8.0,0,0,2,0
Pear Salad,0,0,0.0,0,-1,6,5.0,1,3.0,0.0,0,0,1.0,1,0,1,0,1,0,1.0,-1,1,0,0,2.0,0,0,8.0,0,0,3.0,0,0,1,0
Pecan Pie,0,1,1.0,0,1,6,6.0,0,4.0,100.0,1,1,0.0,1,0,0,1,0,1,10.0,1,1,0,0,-5.0,0,0,-5.0,1,1,3.0,0,1,2,0
Pepper Steak,1,1,1.0,0,2,7,7.0,1,8.0,80.0,0,0,0.0,1,0,0,1,1,1,8.0,1,1,0,0,5.0,1,0,6.0,0,1,7.0,0,0,1,1
Pepperoni Pizza,1,0,1.0,0,2,7,5.0,1,8.0,100.0,0,0,0.0,1,1,0,1,0,1,10.0,1,1,0,0,4.0,1,0,-6.0,0,1,4.0,1,1,1,1
Philly Cheesesteak,1,0,1.0,0,1,7,5.0,0,8.0,50.0,0,0,0.0,1,0,0,1,0,-1,9.0,1,1,0,0,1.0,1,0,-5.0,0,2,3.0,0,0,0,1
Pineapple Cake,1,-1,1.0,0,1,7,6.0,1,4.0,80.0,1,0,0.0,1,0,1,1,0,1,10.0,1,1,0,0,-1.0,0,0,2.0,0,0,4.0,0,1,2,0
Pineapple Salad,2,-1,0.0,0,-1,4,5.0,1,5.0,0.0,0,-1,0.0,1,0,1,0,0,0,2.0,-1,1,0,0,-2.0,0,0,8.0,0,0,3.0,0,0,1,0
Pizza Dough,0,0,0.0,0,-1,2,5.0,0,5.0,70.0,0,1,0.0,1,1,0,1,0,1,9.0,1,1,0,0,0.0,1,0,2.0,0,1,7.0,0,1,1,0
Pizza Sauce,1,0,1.0,0,0,3,3.0,1,3.0,80.0,0,0,0.0,1,1,0,1,1,1,10.0,-1,1,0,0,2.0,1,0,2.0,0,1,3.0,0,1,1,0
Potato Bread,0,0,0.0,0,0,3,2.0,0,5.0,100.0,0,0,0.0,1,1,0,1,1,0,9.0,1,1,0,1,-2.0,1,0,2.0,0,1,7.0,0,1,1,0
Potato Leek Soup,0,0,0.0,0,1,3,3.0,0,2.0,70.0,0,0,1.0,1,1,0,0,1,1,8.0,0,1,0,0,-2.0,0,0,6.0,1,1,2.0,0,0,0,0
Potato Wedges,0,0,0.0,0,1,4,4.0,0,8.0,100.0,0,-1,1.0,1,1,0,1,1,0,9.0,1,1,0,0,2.0,1,0,2.0,0,1,6.0,1,1,0,0
Pumpkin Bread,0,0,1.0,0,0,5,4.0,1,3.0,80.0,1,0,0.0,1,1,1,1,1,1,9.0,0,1,0,1,-2.0,0,0,4.0,1,1,4.0,0,1,2,0
Pumpkin Cake,1,0,1.0,0,1,6,6.0,1,4.0,80.0,1,0,0.0,1,1,1,1,1,1,8.0,1,1,0,0,-3.0,0,0,2.0,1,1,4.0,1,1,2,0
Pumpkin Cheesecake,0,1,0.0,0,1,7,7.0,1,3.0,80.0,1,1,0.0,1,0,0,1,1,1,10.0,1,1,1,0,-2.0,0,0,-5.0,1,1,6.0,0,0,2,0
Pumpkin Donuts,0,1,1.0,0,1,4,7.0,1,7.0,70.0,1,0,0.0,1,1,1,1,1,1,8.0,-1,1,0,1,-2.0,0,0,2.0,1,1,4.0,1,1,2,0
Pumpkin Pancakes,1,0,0.0,0,1,4,3.0,1,4.0,70.0,1,0,0.0,1,1,1,1,1,1,8.0,0,1,0,1,-4.0,0,0,2.0,1,0,3.0,0,0,1,0
Quinoa Salad,0,-1,1.0,0,0,8,7.0,1,3.0,0.0,0,0,0.0,1,0,0,0,1,0,0.0,-1,1,0,0,0.0,0,0,8.0,0,1,3.0,1,0,0,0
Red Bean Soup,0,0,1.0,1,1,3,3.0,1,1.0,85.0,1,0,1.0,1,0,0,0,1,1,10.0,1,1,0,0,-2.0,0,0,8.0,1,1,2.0,0,1,2,0
Red Lentil Soup,0,0,1.0,0,1,2,3.0,1,2.0,75.0,0,0,1.0,1,0,0,0,1,1,8.0,0,1,0,0,-3.0,1,0,8.0,1,1,1.0,0,0,0,0
Red Pepper Soup,1,0,1.0,0,1,4,4.0,1,2.0,80.0,0,0,1.0,1,0,0,0,1,1,7.0,0,1,0,0,4.0,0,0,8.0,1,1,1.0,0,0,0,0
Rhubarb Pie,2,0,2.0,0,1,7,7.0,1,3.0,100.0,1,1,0.0,1,0,1,0,1,1,10.0,1,1,0,0,-2.0,1,0,4.0,-1,0,2.0,1,0,2,0
Roast Beef Sandwich,0,0,1.0,0,1,6,4.0,0,7.0,80.0,0,0,0.0,1,0,0,1,0,1,10.0,1,1,0,0,-3.0,0,0,4.0,1,1,5.0,0,0,0,1
Roast Pork Loin,0,0,1.0,0,2,7,7.0,0,8.0,100.0,0,0,0.0,1,0,0,1,0,1,10.0,1,1,0,0,1.0,1,0,2.0,1,2,6.0,1,0,1,1
Roasted Brussels Sprouts,1,0,2.0,0,1,7,5.0,0,8.0,100.0,0,-1,0.0,1,0,0,0,1,1,10.0,0,1,0,0,-3.0,0,0,9.0,1,1,7.0,1,0,0,0
Roasted Butternut Squash,0,0,1.0,0,1,6,4.0,1,7.0,100.0,0,0,1.0,1,0,1,0,1,1,10.0,0,1,0,0,0.0,1,0,8.0,1,1,7.0,1,0,1,0
Roasted Garlic,1,-1,1.0,0,1,4,5.0,0,8.0,100.0,0,0,0.0,1,0,0,0,1,1,10.0,-1,1,0,0,-8.0,1,0,8.0,1,1,9.0,1,1,0,0
Roasted Potatoes,0,-1,1.0,0,1,4,3.0,0,9.0,100.0,0,-1,0.0,1,1,0,1,1,1,10.0,1,1,0,1,-2.0,1,0,2.0,1,1,7.0,1,1,0,0
Roasted Sweet Potatoes,0,-1,1.0,0,1,4,3.0,1,8.0,100.0,1,-1,1.0,1,1,1,0,1,1,10.0,0,1,0,0,-2.0,1,0,8.0,1,1,8.0,1,1,2,0
Rocky Road Ice Cream,0,0,1.0,0,-2,7,7.0,0,3.0,0.0,1,0,0.0,1,0,0,1,0,1,10.0,1,1,0,0,-3.0,0,0,-5.0,-1,1,2.0,1,1,2,0
Salsa Verde,1,0,1.0,0,1,7,3.0,1,4.0,0.0,0,0,0.0,1,0,1,0,1,-1,3.0,-1,1,0,0,2.0,0,0,7.0,0,1,3.0,0,1,0,0
Salisbury Steak,0,0,0.0,0,0,4,4.0,0,6.0,100.0,0,0,0.0,1,0,0,1,0,1,8.0,1,1,0,0,0.0,1,0,2.0,0,2,4.0,0,0,1,1
Sausage Rolls,0,1,0.0,0,1,4,7.0,0,8.0,100.0,0,0,1.0,1,1,0,1,0,1,10.0,1,1,0,0,-2.0,0,0,-5.0,1,1,7.0,1,1,0,1
Sesame Noodles,1,0,1.0,0,1,5,4.0,0,4.0,75.0,0,0,1.0,1,1,0,1,0,1,8.0,0,1,0,0,-1.0,1,0,2.0,0,1,3.0,0,1,1,0
Shrimp Salad,1,-1,0.0,0,-2,9,7.0,1,6.0,0.0,0,0,0.0,1,0,0,0,1,0,3.0,-1,1,0,0,0.0,0,1,8.0,-1,1,3.0,0,0,0,0
Shrimp Scampi Pasta,1,0,0.0,0,1,8,7.0,0,5.0,80.0,0,0,1.0,1,1,0,1,0,-1,9.0,0,1,0,0,-2.0,1,1,-2.0,0,1,3.0,0,0,0,1
Shrimp Soup,1,0,1.0,0,1,7,7.0,1,2.0,75.0,0,0,1.0,1,0,0,0,0,1,8.0,0,1,0,0,0.0,0,1,4.0,1,1,2.0,0,0,0,0
Smoked Chicken,0,0,1.0,0,1,7,7.0,0,8.0,80.0,0,0,1.0,1,0,0,1,0,1,10.0,1,1,0,0,-2.0,1,0,6.0,0,1,7.0,1,0,0,1
Sour Cream,1,-1,0.0,0,1,3,6.0,0,1.0,0.0,0,0,0.0,0,0,0,1,0,0,0.0,1,1,1,0,-5.0,0,0,-2.0,-1,1,4.0,0,1,0,0
Spaghetti Marinara,1,0,1.0,0,0,4,4.0,1,3.0,80.0,0,0,0.0,1,1,0,0,1,1,9.0,0,1,0,0,2.0,1,0,3.0,0,1,4.0,0,0,1,0
Spaghetti Sauce,1,0,1.0,0,1,4,3.0,1,2.0,70.0,0,0,0.0,1,1,0,1,1,1,10.0,1,1,0,0,2.0,0,0,4.0,0,1,3.0,0,0,1,0
Spaghetti with Meatballs,1,0,1.0,0,0,4,3.0,0,3.0,75.0,0,0,0.0,1,1,0,1,0,1,8.0,1,1,0,0,2.0,1,0,-2.0,0,1,4.0,0,0,1,1
Spinach Lasagna,0,0,1.0,0,1,6,7.0,0,4.0,100.0,0,0,0.0,1,1,0,0,1,1,10.0,0,1,0,0,0.0,1,0,5.0,0,1,3.0,0,0,0,0
Spinach Soup,0,-1,1.0,0,0,3,3.0,0,2.0,80.0,0,0,1.0,1,0,0,0,1,1,7.0,-1,1,0,0,-2.0,0,0,9.0,1,1,2.0,0,0,0,0
Steak Salad,0,0,0.0,0,0,6,6.0,1,7.0,0.0,0,0,0.0,1,0,0,1,1,0,7.0,0,1,0,0,0.0,0,0,5.0,0,1,6.0,0,0,0,1
Steak Tacos,1,0,1.0,0,1,7,7.0,1,8.0,75.0,0,0,0.0,1,0,0,1,0,1,8.0,1,1,0,0,4.0,1,0,4.0,0,1,6.0,0,0,0,1
Steamed Artichokes,0,-1,2.0,0,1,7,7.0,0,3.0,80.0,0,0,1.0,1,0,0,0,1,1,9.0,0,1,0,0,-2.0,1,0,9.0,0,1,2.0,1,0,0,0
Steamed Broccoli,0,-1,2.0,0,1,4,2.0,0,4.0,100.0,0,-1,1.0,1,0,1,0,1,0,9.0,-1,1,0,0,-5.0,0,0,8.0,1,1,3.0,1,0,0,0
Steamed Clams,1,1,1.0,0,0,7,7.0,0,7.0,100.0,0,1,1.0,0,0,0,0,0,1,10.0,1,1,0,0,-3.0,1,0,8.0,1,2,2.0,1,0,0,1
Steamed Crab,1,1,1.0,0,1,8,8.0,0,5.0,100.0,0,1,1.0,1,0,0,1,0,1,10.0,1,1,0,0,-3.0,1,1,8.0,0,2,7.0,1,0,0,1
Steamed Fish,1,-1,0.0,0,1,7,6.0,0,3.0,100.0,0,0,0.0,1,0,0,0,0,1,8.0,-1,1,0,0,-1.0,1,1,8.0,0,1,6.0,0,0,0,0
Steamed Lobster,2,1,1.0,0,3,9,8.0,1,3.0,100.0,0,1,1.0,1,0,0,0,0,1,10.0,1,1,0,0,0.0,1,1,8.0,-1,2,4.0,1,0,0,1
Steamed Shrimp,0,-1,0.0,0,2,7,7.0,0,6.0,100.0,0,-1,1.0,1,0,0,0,0,0,9.0,1,1,0,0,-2.0,1,1,8.0,0,1,6.0,1,0,0,0
Steamed Squid,1,-1,1.0,0,1,5,6.0,0,6.0,70.0,0,0,1.0,1,0,0,1,0,0,8.0,0,1,0,0,2.0,0,0,7.0,0,1,6.0,1,0,0,0
Steamed Vegetables,0,-1,1.0,0,1,3,2.0,1,5.0,70.0,0,0,0.0,1,0,0,0,1,-1,9.0,-1,1,0,0,-3.0,0,0,8.0,0,1,3.0,1,0,0,0
Stewed Beef,0,0,1.0,0,-1,6,6.0,0,2.0,100.0,0,0,0.0,1,0,0,1,0,1,10.0,1,1,0,0,2.0,1,0,5.0,1,1,3.0,1,0,0,1
Stewed Chicken,0,0,0.0,0,1,6,6.0,0,3.0,100.0,0,0,1.0,1,0,0,1,0,1,10.0,0,1,0,0,-2.0,1,0,8.0,1,1,4.0,1,0,0,1
Stewed Lamb,0,1,1.0,0,1,7,7.0,0,2.0,100.0,0,0,0.0,1,0,0,1,0,1,10.0,1,1,0,0,2.0,1,0,2.0,1,2,4.0,1,0,0,1
Stewed Tomatoes,1,0,1.0,0,-1,3,2.0,1,2.0,95.0,0,-1,0.0,1,0,1,0,1,1,10.0,0,1,0,0,-3.0,0,0,8.0,1,1,3.0,0,0,1,0
Strawberry Cheesecake,1,0,1.0,0,-1,8,8.0,1,2.0,100.0,1,1,0.0,0,0,1,1,0,1,10.0,1,1,1,0,-3.0,1,0,2.0,0,1,3.0,0,1,2,0
Strawberry Ice Cream,1,-1,0.0,0,-2,7,7.0,1,2.0,0.0,1,0,0.0,0,0,1,1,0,0,10.0,-1,1,0,0,-3.0,0,0,2.0,-1,0,2.0,1,1,2,0
Strawberry Jam,1,-1,0.0,0,1,5,7.0,1,2.0,50.0,1,0,0.0,1,0,1,0,0,1,10.0,-1,1,0,1,-1.0,1,0,4.0,0,1,6.0,0,1,2,0
Strawberry Pie,1,1,0.0,0,-1,7,6.0,1,3.0,60.0,1,0,0.0,1,0,1,0,0,0,9.0,-1,1,0,0,-3.0,0,0,5.0,-1,0,3.0,0,1,2,0
Stuffed Bell Peppers,0,1,0.0,0,1,4,4.0,1,6.0,80.0,0,0,0.0,1,0,1,1,1,1,8.0,1,1,0,0,-2.0,1,0,7.0,0,1,3.0,0,0,1,0
Stuffed Eggplant,0,0,1.0,0,1,7,7.0,1,7.0,75.0,0,0,0.0,1,0,1,1,1,1,8.0,1,1,0,0,0.0,1,0,6.0,0,1,3.0,1,0,1,1
Stuffed Shells,1,0,1.0,0,1,6,6.0,0,4.0,100.0,0,0,1.0,1,1,0,1,1,1,10.0,1,1,1,0,0.0,1,0,1.0,0,1,3.0,0,0,1,0
Stuffed Zucchini,1,0,1.0,0,1,6,7.0,1,6.0,70.0,0,0,1.0,1,0,1,1,1,1,8.0,1,0,0,0,0.0,1,0,7.0,0,1,3.0,1,0,1,0
Sweet Corn Soup,0,0,1.0,1,1,4,2.0,1,2.0,30.0,0,0,1.0,1,0,0,0,1,1,7.0,0,1,0,0,-2.0,0,0,2.0,1,1,2.0,0,1,2,0
Sweet Potato Casserole,0,1,1.0,0,1,7,6.0,1,4.0,80.0,1,0,1.0,1,1,0,0,1,1,9.0,1,1,0,0,-1.0,1,0,5.0,1,1,3.0,0,1,2,0
Sweet Potato Soup,1,0,1.0,1,1,3,2.0,1,2.0,60.0,0,0,1.0,1,1,1,0,1,1,8.0,0,1,0,0,-3.0,0,0,8.0,1,1,2.0,0,0,1,0
Swiss Roll,1,0,0.0,0,0,4,7.0,0,3.0,100.0,1,1,0.0,1,1,0,1,0,1,9.0,0,1,1,0,0.0,0,0,-5.0,0,1,3.0,1,1,2,0
Swordfish,0,-1,1.0,0,1,8,8.0,0,3.0,0.0,0,0,0.0,1,0,0,1,0,0,5.0,1,1,0,0,2.0,1,1,2.0,0,1,6.0,1,0,0,1
Tahini,0,-1,1.0,0,0,7,7.0,0,2.0,0.0,0,0,1.0,1,0,0,1,1,1,10.0,0,1,0,0,-2.0,1,0,7.0,0,1,7.0,1,1,0,0
Tamari,1,-1,2.0,0,1,7,7.0,0,5.0,0.0,0,0,1.0,1,0,0,0,1,1,8.0,1,1,0,0,0.0,0,0,7.0,0,2,0.0,1,0,1,1
Tempura,0,1,0.0,0,1,7,7.0,1,8.0,0.0,0,1,1.0,1,1,0,1,0,-1,7.0,1,1,0,0,-3.0,1,1,2.0,0,1,8.0,1,1,1,1
Thai Basil Chicken,1,1,1.0,0,1,6,5.0,1,7.0,80.0,0,0,1.0,1,0,0,1,1,1,9.0,0,1,0,1,4.0,1,0,6.0,0,1,4.0,1,1,1,1
Thai Iced Tea,1,1,1.0,1,-1,6,7.0,1,1.0,0.0,1,0,0.0,1,0,0,1,0,0,4.0,1,1,0,0,-2.0,0,0,-5.0,-1,1,3.0,0,1,2,0
Thai Noodles,1,0,1.0,0,1,7,7.0,1,6.0,25.0,0,0,0.0,1,1,0,1,1,1,7.0,0,1,0,0,5.0,1,0,1.0,0,1,3.0,0,1,1,0
Thai Peanut Sauce,1,0,1.0,0,1,7,7.0,1,2.0,10.0,0,0,1.0,1,0,0,1,1,1,2.0,0,1,0,0,-3.0,1,0,2.0,0,1,2.0,0,1,1,0
Thai Tea,1,1,1.0,1,1,7,7.0,1,0.0,0.0,1,0,0.0,1,0,0,1,0,-1,0.0,-1,1,0,0,0.0,0,0,-3.0,1,1,6.0,0,1,2,0
Tomato Basil Pasta,1,0,0.0,0,1,4,4.0,1,3.0,75.0,0,0,0.0,1,1,0,0,1,1,8.0,0,1,0,0,-2.0,1,0,2.0,0,1,3.0,1,0,0,0
Tomato Bruschetta,1,0,1.0,0,-1,3,2.0,1,6.0,20.0,0,-1,1.0,1,0,1,0,1,0,8.0,-1,1,0,0,1.0,1,0,8.0,-1,1,2.0,0,1,1,0
Tomato Mozzarella Salad,1,-1,1.0,0,-1,4,4.0,1,4.0,0.0,0,-1,1.0,0,0,1,0,1,0,0.0,-1,1,0,0,-2.0,0,0,9.0,0,1,2.0,1,0,1,0
Tuna Melt,0,-1,1.0,0,1,6,3.0,0,6.0,70.0,0,0,1.0,1,0,0,1,0,1,8.0,0,1,0,0,1.0,1,1,4.0,0,1,4.0,0,1,0,1
Turkey Chili,1,0,1.0,0,1,5,4.0,1,2.0,85.0,0,0,0.0,1,0,0,1,1,1,9.0,1,1,0,0,5.0,1,0,7.0,1,1,4.0,0,0,0,1
Twice Baked Potatoes,1,0,1.0,0,1,5,5.0,0,7.0,100.0,0,0,1.0,1,1,0,1,1,1,10.0,1,1,0,0,2.0,1,0,1.0,1,1,7.0,1,1,1,0
Vegetable Soup,1,0,1.0,0,1,3,2.0,1,2.0,25.0,0,0,1.0,1,0,0,0,1,1,6.0,-1,1,0,0,-2.0,0,0,7.0,1,1,2.0,0,0,0,0
Veggie Pizza,1,0,1.0,0,1,5,6.0,1,7.0,75.0,0,0,1.0,1,1,0,0,1,1,8.0,0,1,0,0,0.0,1,0,8.0,0,1,4.0,0,0,1,0
Waldorf Salad,1,0,0.0,0,-1,8,6.0,1,7.0,0.0,0,0,1.0,0,0,1,0,1,0,3.0,-1,1,0,0,0.0,0,0,6.0,0,1,3.0,0,0,1,0
White Bean Soup,0,-1,1.0,0,0,3,2.0,0,2.0,80.0,0,0,1.0,1,0,0,0,1,1,10.0,0,1,0,0,-2.0,1,0,8.0,1,1,2.0,0,0,0,0
White Bread,0,-1,0.0,0,0,2,2.0,0,3.0,100.0,0,0,1.0,0,1,0,1,0,0,10.0,1,1,0,1,-3.0,1,0,-3.0,0,1,8.0,1,1,1,0
White Pizza,0,0,0.0,0,0,7,6.0,0,4.0,100.0,0,0,1.0,0,1,0,1,0,1,8.0,0,1,0,0,0.0,1,0,1.0,0,1,8.0,1,1,1,0
Whole Wheat Bread,0,-1,1.0,0,0,2,4.0,0,6.0,100.0,0,0,0.0,1,1,0,0,1,0,10.0,0,1,0,1,-2.0,0,0,7.0,0,0,6.0,1,0,0,0
Zucchini Casserole,0,0,1.0,0,1,6,2.0,0,3.0,85.0,0,0,0.0,1,0,0,0,1,1,9.0,0,1,0,0,2.0,0,0,6.0,0,1,3.0,0,0,0,0
Zucchini Frittata,0,0,1.0,0,1,4,3.0,0,4.0,80.0,0,0,1.0,1,0,0,0,1,1,9.0,-1,1,1,1,0.0,1,0,7.0,0,1,4.0,1,0,0,0
Zucchini Soup,0,0,1.0,0,1,4,4.0,0,2.0,80.0,0,0,1.0,1,0,0,0,1,1,9.0,-1,1,0,0,-2.0,0,0,7.0,1,1,2.0,0,0,0,0
Zucchini Stir Fry,0,-1,0.0,0,1,3,3.0,1,3.0,70.0,0,0,0.0,1,0,0,0,1,0,7.0,-1,1,0,0,-2.0,1,0,8.0,0,1,3.0,0,0,0,0
Almond Cake,0,0,1.0,0,1,7,7.0,0,3.0,100.0,1,0,0.0,1,0,1,1,0,0,10.0,1,1,0,0,-2.0,0,0,4.0,0,0,7.0,0,1,2,0
Almond Cookies,0,0,1.0,0,1,7,7.0,0,8.0,100.0,1,0,0.0,1,0,1,1,0,0,9.0,1,1,0,0,-2.0,0,0,2.0,0,1,8.0,0,1,2,0
Apple Butter,1,0,1.0,0,1,5,5.0,1,3.0,100.0,1,0,0.0,1,0,1,0,1,1,9.0,0,1,0,0,-2.0,0,0,4.0,0,1,3.0,0,1,2,0
Apple Cake,1,0,1.0,0,0,8,6.0,1,2.0,100.0,1,0,0.0,1,0,1,1,1,1,9.0,0,1,0,0,-1.0,0,0,2.0,0,0,3.0,0,1,2,0
Apple Chips,1,-1,1.0,0,1,5,5.0,1,8.0,100.0,0,0,0.0,1,0,1,0,1,1,10.0,-1,1,0,0,-2.0,0,0,6.0,0,1,8.0,1,1,1,0
Apple Crisp,1,0,0.0,0,1,4,6.0,1,8.0,80.0,1,0,0.0,1,0,1,0,1,1,9.0,-1,1,0,0,0.0,1,0,6.0,-1,0,4.0,0,1,2,0
Apple Muffins,1,-1,0.0,0,1,6,5.0,1,4.0,75.0,1,0,0.0,1,0,1,0,1,0,9.0,-1,1,0,1,-2.0,0,0,3.0,0,0,3.0,0,1,2,0
Apple Pancakes,1,-1,0.0,0,1,5,4.0,1,7.0,75.0,1,0,0.0,1,0,1,1,1,0,8.0,0,1,0,1,0.0,0,0,5.0,0,0,3.0,0,1,2,0
Apple Turnovers,1,1,0.0,0,1,3,7.0,1,7.0,80.0,1,0,0.0,1,0,1,1,1,1,9.0,-1,1,0,0,-2.0,0,0,2.0,0,1,3.0,0,1,2,0
Avocado Chicken Salad,0,0,0.0,0,1,7,7.0,0,2.0,25.0,0,0,0.0,1,0,1,1,1,0,2.0,-1,1,0,0,-1.0,1,0,8.0,0,1,4.0,1,0,1,1
Avocado Salad,1,-1,1.0,0,-1,6,7.0,0,6.0,0.0,0,0,1.0,1,0,1,1,1,-1,3.0,-1,1,0,0,-2.0,0,0,8.0,0,1,3.0,0,0,0,0
Bacon Cheeseburger,0,0,1.0,0,1,6,7.0,1,8.0,100.0,0,0,0.0,1,0,0,2,0,1,8.0,1,1,0,0,2.0,1,0,-5.0,0,2,3.0,0,0,0,1
Bacon Jam,0,0,1.0,0,1,7,8.0,0,7.0,80.0,0,0,0.0,1,0,0,1,0,1,8.0,1,1,0,1,3.0,1,0,2.0,0,2,7.0,0,1,1,1
Baked Alaska,0,1,0.0,0,2,7,8.0,1,2.0,100.0,1,1,0.0,0,0,0,1,0,-1,10.0,1,1,1,0,-5.0,0,0,2.0,-1,0,7.0,1,0,2,0
Baked Eggplant,1,0,2.0,0,1,5,4.0,1,6.0,100.0,0,0,1.0,1,0,1,0,1,1,10.0,0,1,0,0,-2.0,1,0,7.0,1,1,3.0,1,1,0,0
Baked French Toast,0,0,0.0,0,1,3,6.0,1,3.0,100.0,1,0,0.0,1,0,1,1,0,1,10.0,1,1,1,1,1.0,1,0,1.0,1,1,3.0,1,1,2,0
Baked Halibut,0,0,0.0,0,1,7,7.0,0,3.0,100.0,0,0,0.0,1,0,0,0,0,0,10.0,0,1,0,0,0.0,1,1,8.0,0,1,6.0,1,0,0,1
Baked Lamb,0,1,1.0,0,1,7,8.0,0,5.0,100.0,0,0,0.0,1,0,0,1,0,1,10.0,1,1,0,0,-2.0,1,0,4.0,1,2,5.0,1,0,0,1
Baked Lobster,0,1,1.0,0,1,8,9.0,0,8.0,100.0,0,1,1.0,1,0,0,0,0,1,10.0,1,1,0,0,-2.0,1,1,8.0,1,2,7.0,1,0,0,1
Baked Meatballs,1,0,1.0,0,1,5,5.0,0,7.0,100.0,0,0,1.0,1,0,0,1,0,1,10.0,1,1,0,0,2.0,1,0,4.0,0,1,6.0,1,1,1,1
Baked Pork Chops,1,0,1.0,0,0,6,4.0,0,8.0,100.0,0,0,0.0,1,0,0,1,0,1,10.0,1,1,0,0,0.0,1,0,3.0,1,1,6.0,1,0,1,1
Baked Sweet Potatoes,0,0,0.0,0,1,3,2.0,1,7.0,100.0,1,-1,0.0,1,1,1,0,1,1,10.0,0,1,0,0,-5.0,1,0,7.0,1,1,7.0,1,1,2,0
Baked Tofu,1,-1,1.0,0,1,6,8.0,0,6.0,100.0,0,0,0.0,1,0,0,0,1,0,10.0,0,1,0,0,-2.0,1,0,8.0,0,1,7.0,1,1,1,0
Baked Trout,1,0,1.0,0,1,7,5.0,0,7.0,100.0,0,0,1.0,1,0,0,0,0,1,10.0,0,1,0,0,-2.0,1,1,8.0,0,1,6.0,1,0,0,1
Baked Zucchini,0,0,1.0,0,0,5,4.0,0,5.0,100.0,0,0,1.0,1,0,1,0,1,0,10.0,0,1,0,0,-2.0,1,0,8.0,0,1,3.0,1,0,0,0
Banana Cake,0,-1,0.0,0,0,5,4.0,1,3.0,80.0,1,0,0.0,1,0,1,1,0,1,9.0,0,1,0,1,-2.0,0,0,4.0,0,0,3.0,0,1,2,0
Banana Cream Pie,0,-1,0.0,0,0,6,6.0,0,2.0,100.0,1,1,0.0,0,0,1,1,0,1,10.0,1,1,0,0,-2.0,0,0,2.0,0,0,3.0,0,0,2,0
Banana Muffins,0,0,0.0,0,0,7,3.0,1,4.0,75.0,1,0,0.0,1,1,1,1,0,1,8.0,-1,1,0,1,-3.0,0,0,6.0,0,0,3.0,0,1,2,0
Banana Pudding,0,-1,0.0,0,0,4,4.0,1,3.0,70.0,1,0,0.0,0,0,1,0,0,1,7.0,0,1,0,0,0.0,0,0,2.0,0,1,3.0,1,1,2,0
BBQ Chicken Pizza,1,-1,1.0,0,1,6,6.0,1,5.0,85.0,0,0,0.0,1,1,0,1,0,1,8.0,1,1,0,0,3.0,1,0,2.0,0,1,6.0,0,1,1,1
BBQ Pulled Pork,1,1,1.0,0,-1,6,6.0,0,7.0,90.0,0,0,1.0,1,0,0,1,0,1,10.0,1,1,0,0,1.0,1,0,4.0,-1,2,6.0,0,1,1,1
Bean Soup,1,0,1.0,0,1,3,2.0,0,2.0,25.0,0,-1,1.0,1,0,0,0,1,1,10.0,0,1,0,0,-2.0,0,0,8.0,1,1,2.0,0,0,0,0
Beef and Broccoli,1,0,1.0,0,1,6,5.0,0,4.0,75.0,0,0,0.0,1,0,0,1,1,0,8.0,1,1,0,0,2.0,1,0,5.0,0,1,6.0,0,0,0,1
Beef and Cabbage,0,-1,1.0,0,1,5,4.0,0,4.0,50.0,0,0,0.0,1,0,0,1,1,1,9.0,1,1,0,0,0.0,0,0,4.0,1,1,6.0,1,0,0,1
Beef Burritos,1,1,1.0,0,1,6,5.0,0,6.0,75.0,0,0,0.0,1,0,0,1,0,1,10.0,1,1,0,1,3.0,1,0,-3.0,0,1,6.0,0,1,0,1
Beef Curry,1,1,1.0,0,2,7,7.0,0,3.0,70.0,0,0,0.0,1,0,0,1,0,1,9.0,1,1,0,0,4.0,1,0,2.0,0,1,6.0,0,0,0,1
Beef Pho,1,1,1.0,0,1,7,7.0,0,3.0,20.0,0,0,1.0,1,0,0,1,0,1,7.0,1,1,0,0,1.0,1,0,6.0,1,1,2.0,1,0,0,1
Beef Pot Pie,0,1,0.0,0,1,6,7.0,0,4.0,100.0,0,0,0.0,1,1,0,1,0,1,10.0,1,1,0,0,2.0,1,0,-5.0,1,1,4.0,0,0,0,1
Beef Stew,0,1,0.0,0,1,5,6.0,0,3.0,70.0,0,0,0.0,1,0,0,1,0,1,8.0,1,1,0,0,1.0,1,0,2.0,1,1,4.0,0,0,0,1
Beet Chips,1,-1,1.0,0,0,5,5.0,1,8.0,100.0,0,0,0.0,1,0,0,0,1,0,10.0,-1,1,0,0,-1.0,0,0,7.0,0,1,8.0,1,1,1,0
Beet Hummus,1,-1,1.0,0,0,6,6.0,1,7.0,70.0,0,0,1.0,1,0,0,0,1,1,8.0,-1,1,0,0,0.0,1,0,8.0,0,1,3.0,1,1,1,0
